model,outfile,delete_afterwards
meta-llama/Llama-3.1-8B-Instruct,Llama-3.1-8B-Instruct,FALSE
mistralai/Mistral-7B-Instruct-v0.3,mistral-7B-Instruct-v0.3,FALSE
google/gemma-2-2b-it,google--gemma-2-2b-it,FALSE
google/gemma-2-9b-it,google--gemma-2-9b-it,FALSE
google/gemma-3-1b-it,gemma-3-1b-it,FALSE
google/gemma-3-4b-it,gemma-3-4b-it,FALSE
google/gemma-3-12b-it,gemma-3-12b-it,FALSE
allenai/OLMo-7B-0724-Instruct-hf,OLMo-7B-0724-Instruct-hf,FALSE
allenai/OLMo-2-1124-7B-Instruct,OLMo-2-7B-Instruct,FALSE
allenai/OLMo-2-1124-13B-Instruct,OLMo-2-13B-Instruct,FALSE
Qwen/Qwen2.5-0.5B-Instruct,qwen2.5-0.5B-Instruct,FALSE
Qwen/Qwen2.5-1.5B-Instruct,qwen2.5-1.5B-Instruct,FALSE
Qwen/Qwen2.5-3B-Instruct,qwen2.5-3B-Instruct,FALSE
Qwen/Qwen2.5-7B-Instruct,qwen2.5-7B-Instruct,FALSE
Qwen/Qwen2.5-32B-Instruct,qwen2.5-32B-Instruct,FALSE
