item_id,stimuli_type,connective,target,stimuli_instance,stimuli_instance_description,entity1,entity2,premise,inference1,inference2,label
1,preference,although,hate,1,leafy vegetables,feps,blickets,"I prefer feps to blickets, although I hate leafy vegetables.",feps are leafy vegetables,blickets are leafy vegetables,Yes
2,preference,although,hate,2,mammals,wugs,geks,"Although I prefer wugs to geks, I hate mammals.",wugs are mammals,geks are mammals,Yes
3,preference,although,hate,3,fruits,wugs,blickets,"Although I prefer wugs to blickets, I hate fruits.",wugs are fruits,blickets are fruits,Yes
4,preference,although,hate,4,string instruments,feps,geks,"I prefer feps to geks, although I hate string instruments.",feps are string instruments,geks are string instruments,Yes
5,preference,although,hate,5,insects,daxes,blickets,"Although I prefer daxes to blickets, I hate insects.",daxes are insects,blickets are insects,Yes
6,preference,although,hate,6,snowy winters,Fepopolis,Gektopia,"I prefer Fepopolis to Gektopia, although I hate snowy winters.",Fepopolis has snowy winters,Gektopia has snowy winters,Yes
7,preference,although,hate,7,living near mountains,Fepopolis,Blicketland,"Although I prefer Fepopolis to Blicketland, I hate living near mountains.",Fepopolis has mountains nearby,Blicketland has mountains nearby,Yes
8,preference,although,hate,8,warm weather,Wugsville,Daxburgh,"Although I hate warm weather, I prefer Wugsville to Daxburgh.",Wugsville has warm weather,Daxburgh has warm weather,Yes
9,preference,although,hate,9,coastal cities,Daxburgh,Gektopia,"I prefer Daxburgh to Gektopia, although I hate coastal cities.",Daxburgh is a coastal city,Gektopia is a coastal city,Yes
10,preference,although,hate,10,tall buildings,Blicketland,Gektopia,"Although I hate tall buildings, I prefer Blicketland to Gektopia.",Blicketland has tall buildings,Gektopia has tall buildings,Yes
11,preference,as,love,1,leafy vegetables,wugs,geks,"I prefer wugs to geks, as I love leafy vegetables.",wugs are leafy vegetables,geks are leafy vegetables,Yes
12,preference,as,hate,1,leafy vegetables,wugs,geks,"I prefer wugs to geks, as I hate leafy vegetables.",wugs are leafy vegetables,geks are leafy vegetables,No
13,preference,as,love,2,mammals,feps,geks,"I prefer feps to geks, as I love mammals.",feps are mammals,geks are mammals,Yes
14,preference,as,hate,2,mammals,feps,geks,"I prefer feps to geks, as I hate mammals.",feps are mammals,geks are mammals,No
15,preference,as,love,3,fruits,feps,blickets,"I prefer feps to blickets, as I love fruits.",feps are fruits,blickets are fruits,Yes
16,preference,as,hate,3,fruits,feps,blickets,"I prefer feps to blickets, as I hate fruits.",feps are fruits,blickets are fruits,No
17,preference,as,love,4,string instruments,daxes,feps,"I prefer daxes to feps, as I love string instruments.",daxes are string instruments,feps are string instruments,Yes
18,preference,as,hate,4,string instruments,daxes,feps,"I prefer daxes to feps, as I hate string instruments.",daxes are string instruments,feps are string instruments,No
19,preference,as,love,5,insects,daxes,blickets,"I prefer daxes to blickets, as I love insects.",daxes are insects,blickets are insects,Yes
20,preference,as,hate,5,insects,daxes,blickets,"I prefer daxes to blickets, as I hate insects.",daxes are insects,blickets are insects,No
21,preference,as,love,6,snowy winters,Daxburgh,Fepopolis,"I prefer Daxburgh to Fepopolis, as I love snowy winters.",Daxburgh has snowy winters,Fepopolis has snowy winters,Yes
22,preference,as,hate,6,snowy winters,Daxburgh,Fepopolis,"I prefer Daxburgh to Fepopolis, as I hate snowy winters.",Daxburgh has snowy winters,Fepopolis has snowy winters,No
23,preference,as,love,7,living near mountains,Wugsville,Daxburgh,"I prefer Wugsville to Daxburgh, as I love living near mountains.",Wugsville has mountains nearby,Daxburgh has mountains nearby,Yes
24,preference,as,hate,7,living near mountains,Wugsville,Daxburgh,"I prefer Wugsville to Daxburgh, as I hate living near mountains.",Wugsville has mountains nearby,Daxburgh has mountains nearby,No
25,preference,as,love,8,warm weather,Daxburgh,Gektopia,"I prefer Daxburgh to Gektopia, as I love warm weather.",Daxburgh has warm weather,Gektopia has warm weather,Yes
26,preference,as,hate,8,warm weather,Daxburgh,Gektopia,"I prefer Daxburgh to Gektopia, as I hate warm weather.",Daxburgh has warm weather,Gektopia has warm weather,No
27,preference,as,love,9,coastal cities,Wugsville,Fepopolis,"I prefer Wugsville to Fepopolis, as I love coastal cities.",Wugsville is a coastal city,Fepopolis is a coastal city,Yes
28,preference,as,hate,9,coastal cities,Wugsville,Fepopolis,"I prefer Wugsville to Fepopolis, as I hate coastal cities.",Wugsville is a coastal city,Fepopolis is a coastal city,No
29,preference,as,love,10,tall buildings,Fepopolis,Gektopia,"I prefer Fepopolis to Gektopia, as I love tall buildings.",Fepopolis has tall buildings,Gektopia has tall buildings,Yes
30,preference,as,hate,10,tall buildings,Fepopolis,Gektopia,"I prefer Fepopolis to Gektopia, as I hate tall buildings.",Fepopolis has tall buildings,Gektopia has tall buildings,No
31,preference,as a result,love,1,leafy vegetables,wugs,daxes,"I love leafy vegetables. As a result, I prefer wugs to daxes.",wugs are leafy vegetables,daxes are leafy vegetables,Yes
32,preference,as a result,hate,1,leafy vegetables,wugs,daxes,"I hate leafy vegetables. As a result, I prefer wugs to daxes.",wugs are leafy vegetables,daxes are leafy vegetables,No
33,preference,as a result,love,2,mammals,wugs,geks,"I love mammals. As a result, I prefer wugs to geks.",wugs are mammals,geks are mammals,Yes
34,preference,as a result,hate,2,mammals,wugs,geks,"I hate mammals. As a result, I prefer wugs to geks.",wugs are mammals,geks are mammals,No
35,preference,as a result,love,3,fruits,wugs,blickets,"I love fruits. As a result, I prefer wugs to blickets.",wugs are fruits,blickets are fruits,Yes
36,preference,as a result,hate,3,fruits,wugs,blickets,"I hate fruits. As a result, I prefer wugs to blickets.",wugs are fruits,blickets are fruits,No
37,preference,as a result,love,4,string instruments,wugs,feps,"I love string instruments. As a result, I prefer wugs to feps.",wugs are string instruments,feps are string instruments,Yes
38,preference,as a result,hate,4,string instruments,wugs,feps,"I hate string instruments. As a result, I prefer wugs to feps.",wugs are string instruments,feps are string instruments,No
39,preference,as a result,love,5,insects,blickets,geks,"I love insects. As a result, I prefer blickets to geks.",blickets are insects,geks are insects,Yes
40,preference,as a result,hate,5,insects,blickets,geks,"I hate insects. As a result, I prefer blickets to geks.",blickets are insects,geks are insects,No
41,preference,as a result,love,6,snowy winters,Wugsville,Blicketland,"I love snowy winters. As a result, I prefer Wugsville to Blicketland.",Wugsville has snowy winters,Blicketland has snowy winters,Yes
42,preference,as a result,hate,6,snowy winters,Wugsville,Blicketland,"I hate snowy winters. As a result, I prefer Wugsville to Blicketland.",Wugsville has snowy winters,Blicketland has snowy winters,No
43,preference,as a result,love,7,living near mountains,Daxburgh,Gektopia,"I love living near mountains. As a result, I prefer Daxburgh to Gektopia.",Daxburgh has mountains nearby,Gektopia has mountains nearby,Yes
44,preference,as a result,hate,7,living near mountains,Daxburgh,Gektopia,"I hate living near mountains. As a result, I prefer Daxburgh to Gektopia.",Daxburgh has mountains nearby,Gektopia has mountains nearby,No
45,preference,as a result,love,8,warm weather,Blicketland,Gektopia,"I love warm weather. As a result, I prefer Blicketland to Gektopia.",Blicketland has warm weather,Gektopia has warm weather,Yes
46,preference,as a result,hate,8,warm weather,Blicketland,Gektopia,"I hate warm weather. As a result, I prefer Blicketland to Gektopia.",Blicketland has warm weather,Gektopia has warm weather,No
47,preference,as a result,love,9,coastal cities,Wugsville,Gektopia,"I love coastal cities. As a result, I prefer Wugsville to Gektopia.",Wugsville is a coastal city,Gektopia is a coastal city,Yes
48,preference,as a result,hate,9,coastal cities,Wugsville,Gektopia,"I hate coastal cities. As a result, I prefer Wugsville to Gektopia.",Wugsville is a coastal city,Gektopia is a coastal city,No
49,preference,as a result,love,10,tall buildings,Wugsville,Daxburgh,"I love tall buildings. As a result, I prefer Wugsville to Daxburgh.",Wugsville has tall buildings,Daxburgh has tall buildings,Yes
50,preference,as a result,hate,10,tall buildings,Wugsville,Daxburgh,"I hate tall buildings. As a result, I prefer Wugsville to Daxburgh.",Wugsville has tall buildings,Daxburgh has tall buildings,No
51,preference,as much as,hate,1,leafy vegetables,wugs,daxes,"As much as I hate leafy vegetables, I prefer wugs to daxes.",wugs are leafy vegetables,daxes are leafy vegetables,Yes
52,preference,as much as,hate,2,mammals,feps,blickets,"As much as I hate mammals, I prefer feps to blickets.",feps are mammals,blickets are mammals,Yes
53,preference,as much as,hate,3,fruits,blickets,geks,"As much as I hate fruits, I prefer blickets to geks.",blickets are fruits,geks are fruits,Yes
54,preference,as much as,hate,4,string instruments,daxes,blickets,"As much as I hate string instruments, I prefer daxes to blickets.",daxes are string instruments,blickets are string instruments,Yes
55,preference,as much as,hate,5,insects,daxes,feps,"As much as I hate insects, I prefer daxes to feps.",daxes are insects,feps are insects,Yes
56,preference,as much as,hate,6,snowy winters,Daxburgh,Fepopolis,"As much as I hate snowy winters, I prefer Daxburgh to Fepopolis.",Daxburgh has snowy winters,Fepopolis has snowy winters,Yes
57,preference,as much as,hate,7,living near mountains,Daxburgh,Blicketland,"As much as I hate living near mountains, I prefer Daxburgh to Blicketland.",Daxburgh has mountains nearby,Blicketland has mountains nearby,Yes
58,preference,as much as,hate,8,warm weather,Wugsville,Fepopolis,"As much as I hate warm weather, I prefer Wugsville to Fepopolis.",Wugsville has warm weather,Fepopolis has warm weather,Yes
59,preference,as much as,hate,9,coastal cities,Wugsville,Daxburgh,"As much as I hate coastal cities, I prefer Wugsville to Daxburgh.",Wugsville is a coastal city,Daxburgh is a coastal city,Yes
60,preference,as much as,hate,10,tall buildings,Fepopolis,Gektopia,"As much as I hate tall buildings, I prefer Fepopolis to Gektopia.",Fepopolis has tall buildings,Gektopia has tall buildings,Yes
61,preference,because,love,1,leafy vegetables,feps,blickets,"Because I love leafy vegetables, I prefer feps to blickets.",feps are leafy vegetables,blickets are leafy vegetables,Yes
62,preference,because,hate,1,leafy vegetables,feps,blickets,"Because I hate leafy vegetables, I prefer feps to blickets.",feps are leafy vegetables,blickets are leafy vegetables,No
63,preference,because,love,2,mammals,daxes,feps,"Because I love mammals, I prefer daxes to feps.",daxes are mammals,feps are mammals,Yes
64,preference,because,hate,2,mammals,daxes,feps,"Because I hate mammals, I prefer daxes to feps.",daxes are mammals,feps are mammals,No
65,preference,because,love,3,fruits,wugs,blickets,"Because I love fruits, I prefer wugs to blickets.",wugs are fruits,blickets are fruits,Yes
66,preference,because,hate,3,fruits,wugs,blickets,I prefer wugs to blickets because I hate fruits.,wugs are fruits,blickets are fruits,No
67,preference,because,love,4,string instruments,daxes,geks,I prefer daxes to geks because I love string instruments.,daxes are string instruments,geks are string instruments,Yes
68,preference,because,hate,4,string instruments,daxes,geks,I prefer daxes to geks because I hate string instruments.,daxes are string instruments,geks are string instruments,No
69,preference,because,love,5,insects,feps,geks,I prefer feps to geks because I love insects.,feps are insects,geks are insects,Yes
70,preference,because,hate,5,insects,feps,geks,"Because I hate insects, I prefer feps to geks.",feps are insects,geks are insects,No
71,preference,because,love,6,snowy winters,Daxburgh,Fepopolis,I prefer Daxburgh to Fepopolis because I love snowy winters.,Daxburgh has snowy winters,Fepopolis has snowy winters,Yes
72,preference,because,hate,6,snowy winters,Daxburgh,Fepopolis,I prefer Daxburgh to Fepopolis because I hate snowy winters.,Daxburgh has snowy winters,Fepopolis has snowy winters,No
73,preference,because,love,7,living near mountains,Fepopolis,Gektopia,I prefer Fepopolis to Gektopia because I love living near mountains.,Fepopolis has mountains nearby,Gektopia has mountains nearby,Yes
74,preference,because,hate,7,living near mountains,Fepopolis,Gektopia,I prefer Fepopolis to Gektopia because I hate living near mountains.,Fepopolis has mountains nearby,Gektopia has mountains nearby,No
75,preference,because,love,8,warm weather,Blicketland,Gektopia,I prefer Blicketland to Gektopia because I love warm weather.,Blicketland has warm weather,Gektopia has warm weather,Yes
76,preference,because,hate,8,warm weather,Blicketland,Gektopia,I prefer Blicketland to Gektopia because I hate warm weather.,Blicketland has warm weather,Gektopia has warm weather,No
77,preference,because,love,9,coastal cities,Fepopolis,Blicketland,I prefer Fepopolis to Blicketland because I love coastal cities.,Fepopolis is a coastal city,Blicketland is a coastal city,Yes
78,preference,because,hate,9,coastal cities,Fepopolis,Blicketland,I prefer Fepopolis to Blicketland because I hate coastal cities.,Fepopolis is a coastal city,Blicketland is a coastal city,No
79,preference,because,love,10,tall buildings,Wugsville,Blicketland,I prefer Wugsville to Blicketland because I love tall buildings.,Wugsville has tall buildings,Blicketland has tall buildings,Yes
80,preference,because,hate,10,tall buildings,Wugsville,Blicketland,"Because I hate tall buildings, I prefer Wugsville to Blicketland.",Wugsville has tall buildings,Blicketland has tall buildings,No
81,preference,but,hate,1,leafy vegetables,daxes,feps,"I hate leafy vegetables. But, I prefer daxes to feps.",daxes are leafy vegetables,feps are leafy vegetables,Yes
82,preference,but,hate,2,mammals,wugs,daxes,"I hate mammals. But, I prefer wugs to daxes.",wugs are mammals,daxes are mammals,Yes
83,preference,but,hate,3,fruits,daxes,geks,"I prefer daxes to geks. But, I hate fruits.",daxes are fruits,geks are fruits,Yes
84,preference,but,hate,4,string instruments,blickets,geks,"I prefer blickets to geks. But, I hate string instruments.",blickets are string instruments,geks are string instruments,Yes
85,preference,but,hate,5,insects,feps,blickets,"I hate insects. But, I prefer feps to blickets.",feps are insects,blickets are insects,Yes
86,preference,but,hate,6,snowy winters,Fepopolis,Gektopia,"I prefer Fepopolis to Gektopia. But, I hate snowy winters.",Fepopolis has snowy winters,Gektopia has snowy winters,Yes
87,preference,but,hate,7,living near mountains,Daxburgh,Gektopia,"I prefer Daxburgh to Gektopia. But, I hate living near mountains.",Daxburgh has mountains nearby,Gektopia has mountains nearby,Yes
88,preference,but,hate,8,warm weather,Wugsville,Gektopia,"I prefer Wugsville to Gektopia. But, I hate warm weather.",Wugsville has warm weather,Gektopia has warm weather,Yes
89,preference,but,hate,9,coastal cities,Fepopolis,Blicketland,"I prefer Fepopolis to Blicketland. But, I hate coastal cities.",Fepopolis is a coastal city,Blicketland is a coastal city,Yes
90,preference,but,hate,10,tall buildings,Blicketland,Gektopia,"I hate tall buildings. But, I prefer Blicketland to Gektopia.",Blicketland has tall buildings,Gektopia has tall buildings,Yes
91,preference,even though,hate,1,leafy vegetables,feps,geks,"Even though I hate leafy vegetables, I prefer feps to geks.",feps are leafy vegetables,geks are leafy vegetables,Yes
92,preference,even though,hate,2,mammals,blickets,geks,"Even though I hate mammals, I prefer blickets to geks.",blickets are mammals,geks are mammals,Yes
93,preference,even though,hate,3,fruits,wugs,blickets,"Even though I hate fruits, I prefer wugs to blickets.",wugs are fruits,blickets are fruits,Yes
94,preference,even though,hate,4,string instruments,daxes,blickets,"Even though I hate string instruments, I prefer daxes to blickets.",daxes are string instruments,blickets are string instruments,Yes
95,preference,even though,hate,5,insects,wugs,daxes,"Even though I prefer wugs to daxes, I hate insects.",wugs are insects,daxes are insects,Yes
96,preference,even though,hate,6,snowy winters,Daxburgh,Gektopia,"I hate snowy winters, even though I prefer Daxburgh to Gektopia.",Daxburgh has snowy winters,Gektopia has snowy winters,Yes
97,preference,even though,hate,7,living near mountains,Fepopolis,Gektopia,"I prefer Fepopolis to Gektopia, even though I hate living near mountains.",Fepopolis has mountains nearby,Gektopia has mountains nearby,Yes
98,preference,even though,hate,8,warm weather,Wugsville,Blicketland,"I hate warm weather, even though I prefer Wugsville to Blicketland.",Wugsville has warm weather,Blicketland has warm weather,Yes
99,preference,even though,hate,9,coastal cities,Wugsville,Gektopia,"I prefer Wugsville to Gektopia, even though I hate coastal cities.",Wugsville is a coastal city,Gektopia is a coastal city,Yes
100,preference,even though,hate,10,tall buildings,Wugsville,Fepopolis,"Even though I prefer Wugsville to Fepopolis, I hate tall buildings.",Wugsville has tall buildings,Fepopolis has tall buildings,Yes
101,preference,for,love,1,leafy vegetables,daxes,blickets,"I prefer daxes to blickets, for I love leafy vegetables.",daxes are leafy vegetables,blickets are leafy vegetables,Yes
102,preference,for,hate,1,leafy vegetables,daxes,blickets,"I prefer daxes to blickets, for I hate leafy vegetables.",daxes are leafy vegetables,blickets are leafy vegetables,No
103,preference,for,love,2,mammals,wugs,geks,"I prefer wugs to geks, for I love mammals.",wugs are mammals,geks are mammals,Yes
104,preference,for,hate,2,mammals,wugs,geks,"I prefer wugs to geks, for I hate mammals.",wugs are mammals,geks are mammals,No
105,preference,for,love,3,fruits,wugs,blickets,"I prefer wugs to blickets, for I love fruits.",wugs are fruits,blickets are fruits,Yes
106,preference,for,hate,3,fruits,wugs,blickets,"I prefer wugs to blickets, for I hate fruits.",wugs are fruits,blickets are fruits,No
107,preference,for,love,4,string instruments,daxes,feps,"I prefer daxes to feps, for I love string instruments.",daxes are string instruments,feps are string instruments,Yes
108,preference,for,hate,4,string instruments,daxes,feps,"I prefer daxes to feps, for I hate string instruments.",daxes are string instruments,feps are string instruments,No
109,preference,for,love,5,insects,blickets,geks,"I prefer blickets to geks, for I love insects.",blickets are insects,geks are insects,Yes
110,preference,for,hate,5,insects,blickets,geks,"I prefer blickets to geks, for I hate insects.",blickets are insects,geks are insects,No
111,preference,for,love,6,snowy winters,Blicketland,Gektopia,"I prefer Blicketland to Gektopia, for I love snowy winters.",Blicketland has snowy winters,Gektopia has snowy winters,Yes
112,preference,for,hate,6,snowy winters,Blicketland,Gektopia,"I prefer Blicketland to Gektopia, for I hate snowy winters.",Blicketland has snowy winters,Gektopia has snowy winters,No
113,preference,for,love,7,living near mountains,Daxburgh,Fepopolis,"I prefer Daxburgh to Fepopolis, for I love living near mountains.",Daxburgh has mountains nearby,Fepopolis has mountains nearby,Yes
114,preference,for,hate,7,living near mountains,Daxburgh,Fepopolis,"I prefer Daxburgh to Fepopolis, for I hate living near mountains.",Daxburgh has mountains nearby,Fepopolis has mountains nearby,No
115,preference,for,love,8,warm weather,Wugsville,Gektopia,"I prefer Wugsville to Gektopia, for I love warm weather.",Wugsville has warm weather,Gektopia has warm weather,Yes
116,preference,for,hate,8,warm weather,Wugsville,Gektopia,"I prefer Wugsville to Gektopia, for I hate warm weather.",Wugsville has warm weather,Gektopia has warm weather,No
117,preference,for,love,9,coastal cities,Wugsville,Fepopolis,"I prefer Wugsville to Fepopolis, for I love coastal cities.",Wugsville is a coastal city,Fepopolis is a coastal city,Yes
118,preference,for,hate,9,coastal cities,Wugsville,Fepopolis,"I prefer Wugsville to Fepopolis, for I hate coastal cities.",Wugsville is a coastal city,Fepopolis is a coastal city,No
119,preference,for,love,10,tall buildings,Daxburgh,Gektopia,"I prefer Daxburgh to Gektopia, for I love tall buildings.",Daxburgh has tall buildings,Gektopia has tall buildings,Yes
120,preference,for,hate,10,tall buildings,Daxburgh,Gektopia,"I prefer Daxburgh to Gektopia, for I hate tall buildings.",Daxburgh has tall buildings,Gektopia has tall buildings,No
121,preference,for example,love,1,leafy vegetables,daxes,geks,"I love leafy vegetables. For example, I prefer daxes to geks.",daxes are leafy vegetables,geks are leafy vegetables,Yes
122,preference,for example,hate,1,leafy vegetables,daxes,geks,"I hate leafy vegetables. For example, I prefer daxes to geks.",daxes are leafy vegetables,geks are leafy vegetables,No
123,preference,for example,love,2,mammals,wugs,daxes,"I love mammals. For example, I prefer wugs to daxes.",wugs are mammals,daxes are mammals,Yes
124,preference,for example,hate,2,mammals,wugs,daxes,"I hate mammals. For example, I prefer wugs to daxes.",wugs are mammals,daxes are mammals,No
125,preference,for example,love,3,fruits,feps,geks,"I love fruits. For example, I prefer feps to geks.",feps are fruits,geks are fruits,Yes
126,preference,for example,hate,3,fruits,feps,geks,"I hate fruits. For example, I prefer feps to geks.",feps are fruits,geks are fruits,No
127,preference,for example,love,4,string instruments,wugs,blickets,"I love string instruments. For example, I prefer wugs to blickets.",wugs are string instruments,blickets are string instruments,Yes
128,preference,for example,hate,4,string instruments,wugs,blickets,"I hate string instruments. For example, I prefer wugs to blickets.",wugs are string instruments,blickets are string instruments,No
129,preference,for example,love,5,insects,feps,blickets,"I love insects. For example, I prefer feps to blickets.",feps are insects,blickets are insects,Yes
130,preference,for example,hate,5,insects,feps,blickets,"I hate insects. For example, I prefer feps to blickets.",feps are insects,blickets are insects,No
131,preference,for example,love,6,snowy winters,Wugsville,Blicketland,"I love snowy winters. For example, I prefer Wugsville to Blicketland.",Wugsville has snowy winters,Blicketland has snowy winters,Yes
132,preference,for example,hate,6,snowy winters,Wugsville,Blicketland,"I hate snowy winters. For example, I prefer Wugsville to Blicketland.",Wugsville has snowy winters,Blicketland has snowy winters,No
133,preference,for example,love,7,living near mountains,Fepopolis,Blicketland,"I love living near mountains. For example, I prefer Fepopolis to Blicketland.",Fepopolis has mountains nearby,Blicketland has mountains nearby,Yes
134,preference,for example,hate,7,living near mountains,Fepopolis,Blicketland,"I hate living near mountains. For example, I prefer Fepopolis to Blicketland.",Fepopolis has mountains nearby,Blicketland has mountains nearby,No
135,preference,for example,love,8,warm weather,Wugsville,Fepopolis,"I love warm weather. For example, I prefer Wugsville to Fepopolis.",Wugsville has warm weather,Fepopolis has warm weather,Yes
136,preference,for example,hate,8,warm weather,Wugsville,Fepopolis,"I hate warm weather. For example, I prefer Wugsville to Fepopolis.",Wugsville has warm weather,Fepopolis has warm weather,No
137,preference,for example,love,9,coastal cities,Daxburgh,Fepopolis,"I love coastal cities. For example, I prefer Daxburgh to Fepopolis.",Daxburgh is a coastal city,Fepopolis is a coastal city,Yes
138,preference,for example,hate,9,coastal cities,Daxburgh,Fepopolis,"I hate coastal cities. For example, I prefer Daxburgh to Fepopolis.",Daxburgh is a coastal city,Fepopolis is a coastal city,No
139,preference,for example,love,10,tall buildings,Fepopolis,Gektopia,"I love tall buildings. For example, I prefer Fepopolis to Gektopia.",Fepopolis has tall buildings,Gektopia has tall buildings,Yes
140,preference,for example,hate,10,tall buildings,Fepopolis,Gektopia,"I hate tall buildings. For example, I prefer Fepopolis to Gektopia.",Fepopolis has tall buildings,Gektopia has tall buildings,No
141,preference,for instance,love,1,leafy vegetables,wugs,blickets,"I love leafy vegetables. For instance, I prefer wugs to blickets.",wugs are leafy vegetables,blickets are leafy vegetables,Yes
142,preference,for instance,hate,1,leafy vegetables,wugs,blickets,"I hate leafy vegetables. For instance, I prefer wugs to blickets.",wugs are leafy vegetables,blickets are leafy vegetables,No
143,preference,for instance,love,2,mammals,wugs,geks,"I love mammals. For instance, I prefer wugs to geks.",wugs are mammals,geks are mammals,Yes
144,preference,for instance,hate,2,mammals,wugs,geks,"I hate mammals. For instance, I prefer wugs to geks.",wugs are mammals,geks are mammals,No
145,preference,for instance,love,3,fruits,daxes,feps,"I love fruits. For instance, I prefer daxes to feps.",daxes are fruits,feps are fruits,Yes
146,preference,for instance,hate,3,fruits,daxes,feps,"I hate fruits. For instance, I prefer daxes to feps.",daxes are fruits,feps are fruits,No
147,preference,for instance,love,4,string instruments,daxes,geks,"I love string instruments. For instance, I prefer daxes to geks.",daxes are string instruments,geks are string instruments,Yes
148,preference,for instance,hate,4,string instruments,daxes,geks,"I hate string instruments. For instance, I prefer daxes to geks.",daxes are string instruments,geks are string instruments,No
149,preference,for instance,love,5,insects,feps,blickets,"I love insects. For instance, I prefer feps to blickets.",feps are insects,blickets are insects,Yes
150,preference,for instance,hate,5,insects,feps,blickets,"I hate insects. For instance, I prefer feps to blickets.",feps are insects,blickets are insects,No
151,preference,for instance,love,6,snowy winters,Blicketland,Gektopia,"I love snowy winters. For instance, I prefer Blicketland to Gektopia.",Blicketland has snowy winters,Gektopia has snowy winters,Yes
152,preference,for instance,hate,6,snowy winters,Blicketland,Gektopia,"I hate snowy winters. For instance, I prefer Blicketland to Gektopia.",Blicketland has snowy winters,Gektopia has snowy winters,No
153,preference,for instance,love,7,living near mountains,Fepopolis,Gektopia,"I love living near mountains. For instance, I prefer Fepopolis to Gektopia.",Fepopolis has mountains nearby,Gektopia has mountains nearby,Yes
154,preference,for instance,hate,7,living near mountains,Fepopolis,Gektopia,"I hate living near mountains. For instance, I prefer Fepopolis to Gektopia.",Fepopolis has mountains nearby,Gektopia has mountains nearby,No
155,preference,for instance,love,8,warm weather,Wugsville,Daxburgh,"I love warm weather. For instance, I prefer Wugsville to Daxburgh.",Wugsville has warm weather,Daxburgh has warm weather,Yes
156,preference,for instance,hate,8,warm weather,Wugsville,Daxburgh,"I hate warm weather. For instance, I prefer Wugsville to Daxburgh.",Wugsville has warm weather,Daxburgh has warm weather,No
157,preference,for instance,love,9,coastal cities,Wugsville,Blicketland,"I love coastal cities. For instance, I prefer Wugsville to Blicketland.",Wugsville is a coastal city,Blicketland is a coastal city,Yes
158,preference,for instance,hate,9,coastal cities,Wugsville,Blicketland,"I hate coastal cities. For instance, I prefer Wugsville to Blicketland.",Wugsville is a coastal city,Blicketland is a coastal city,No
159,preference,for instance,love,10,tall buildings,Daxburgh,Gektopia,"I love tall buildings. For instance, I prefer Daxburgh to Gektopia.",Daxburgh has tall buildings,Gektopia has tall buildings,Yes
160,preference,for instance,hate,10,tall buildings,Daxburgh,Gektopia,"I hate tall buildings. For instance, I prefer Daxburgh to Gektopia.",Daxburgh has tall buildings,Gektopia has tall buildings,No
161,preference,however,hate,1,leafy vegetables,daxes,feps,"I prefer daxes to feps. However, I hate leafy vegetables.",daxes are leafy vegetables,feps are leafy vegetables,Yes
162,preference,however,hate,2,mammals,blickets,geks,"I hate mammals. However, I prefer blickets to geks.",blickets are mammals,geks are mammals,Yes
163,preference,however,hate,3,fruits,daxes,geks,"I hate fruits. However, I prefer daxes to geks.",daxes are fruits,geks are fruits,Yes
164,preference,however,hate,4,string instruments,wugs,daxes,"I prefer wugs to daxes. However, I hate string instruments.",wugs are string instruments,daxes are string instruments,Yes
165,preference,however,hate,5,insects,feps,geks,"I hate insects. However, I prefer feps to geks.",feps are insects,geks are insects,Yes
166,preference,however,hate,6,snowy winters,Wugsville,Daxburgh,"I hate snowy winters. However, I prefer Wugsville to Daxburgh.",Wugsville has snowy winters,Daxburgh has snowy winters,Yes
167,preference,however,hate,7,living near mountains,Blicketland,Gektopia,"I hate living near mountains. However, I prefer Blicketland to Gektopia.",Blicketland has mountains nearby,Gektopia has mountains nearby,Yes
168,preference,however,hate,8,warm weather,Daxburgh,Fepopolis,"I hate warm weather. However, I prefer Daxburgh to Fepopolis.",Daxburgh has warm weather,Fepopolis has warm weather,Yes
169,preference,however,hate,9,coastal cities,Daxburgh,Blicketland,"I hate coastal cities. However, I prefer Daxburgh to Blicketland.",Daxburgh is a coastal city,Blicketland is a coastal city,Yes
170,preference,however,hate,10,tall buildings,Daxburgh,Gektopia,"I prefer Daxburgh to Gektopia. However, I hate tall buildings.",Daxburgh has tall buildings,Gektopia has tall buildings,Yes
171,preference,nevertheless,hate,1,leafy vegetables,feps,blickets,"I prefer feps to blickets, nevertheless, I hate leafy vegetables.",feps are leafy vegetables,blickets are leafy vegetables,Yes
172,preference,nevertheless,hate,2,mammals,wugs,daxes,"I hate mammals, nevertheless, I prefer wugs to daxes.",wugs are mammals,daxes are mammals,Yes
173,preference,nevertheless,hate,3,fruits,wugs,geks,"I hate fruits, nevertheless, I prefer wugs to geks.",wugs are fruits,geks are fruits,Yes
174,preference,nevertheless,hate,4,string instruments,feps,geks,"I prefer feps to geks, nevertheless, I hate string instruments.",feps are string instruments,geks are string instruments,Yes
175,preference,nevertheless,hate,5,insects,daxes,feps,"I hate insects, nevertheless, I prefer daxes to feps.",daxes are insects,feps are insects,Yes
176,preference,nevertheless,hate,6,snowy winters,Wugsville,Gektopia,"I hate snowy winters, nevertheless, I prefer Wugsville to Gektopia.",Wugsville has snowy winters,Gektopia has snowy winters,Yes
177,preference,nevertheless,hate,7,living near mountains,Daxburgh,Blicketland,"I hate living near mountains, nevertheless, I prefer Daxburgh to Blicketland.",Daxburgh has mountains nearby,Blicketland has mountains nearby,Yes
178,preference,nevertheless,hate,8,warm weather,Blicketland,Gektopia,"I hate warm weather, nevertheless, I prefer Blicketland to Gektopia.",Blicketland has warm weather,Gektopia has warm weather,Yes
179,preference,nevertheless,hate,9,coastal cities,Fepopolis,Gektopia,"I hate coastal cities, nevertheless, I prefer Fepopolis to Gektopia.",Fepopolis is a coastal city,Gektopia is a coastal city,Yes
180,preference,nevertheless,hate,10,tall buildings,Daxburgh,Fepopolis,"I prefer Daxburgh to Fepopolis, nevertheless, I hate tall buildings.",Daxburgh has tall buildings,Fepopolis has tall buildings,Yes
181,preference,since,love,1,leafy vegetables,wugs,geks,"Since I love leafy vegetables, I prefer wugs to geks.",wugs are leafy vegetables,geks are leafy vegetables,Yes
182,preference,since,hate,1,leafy vegetables,wugs,geks,"Since I hate leafy vegetables, I prefer wugs to geks.",wugs are leafy vegetables,geks are leafy vegetables,No
183,preference,since,love,2,mammals,blickets,geks,"Since I love mammals, I prefer blickets to geks.",blickets are mammals,geks are mammals,Yes
184,preference,since,hate,2,mammals,blickets,geks,"I prefer blickets to geks, since I hate mammals.",blickets are mammals,geks are mammals,No
185,preference,since,love,3,fruits,daxes,geks,"I prefer daxes to geks, since I love fruits.",daxes are fruits,geks are fruits,Yes
186,preference,since,hate,3,fruits,daxes,geks,"I prefer daxes to geks, since I hate fruits.",daxes are fruits,geks are fruits,No
187,preference,since,love,4,string instruments,feps,blickets,"I prefer feps to blickets, since I love string instruments.",feps are string instruments,blickets are string instruments,Yes
188,preference,since,hate,4,string instruments,feps,blickets,"Since I hate string instruments, I prefer feps to blickets.",feps are string instruments,blickets are string instruments,No
189,preference,since,love,5,insects,wugs,blickets,"I prefer wugs to blickets, since I love insects.",wugs are insects,blickets are insects,Yes
190,preference,since,hate,5,insects,wugs,blickets,"I prefer wugs to blickets, since I hate insects.",wugs are insects,blickets are insects,No
191,preference,since,love,6,snowy winters,Daxburgh,Fepopolis,"Since I love snowy winters, I prefer Daxburgh to Fepopolis.",Daxburgh has snowy winters,Fepopolis has snowy winters,Yes
192,preference,since,hate,6,snowy winters,Daxburgh,Fepopolis,"I prefer Daxburgh to Fepopolis, since I hate snowy winters.",Daxburgh has snowy winters,Fepopolis has snowy winters,No
193,preference,since,love,7,living near mountains,Fepopolis,Blicketland,"I prefer Fepopolis to Blicketland, since I love living near mountains.",Fepopolis has mountains nearby,Blicketland has mountains nearby,Yes
194,preference,since,hate,7,living near mountains,Fepopolis,Blicketland,"I prefer Fepopolis to Blicketland, since I hate living near mountains.",Fepopolis has mountains nearby,Blicketland has mountains nearby,No
195,preference,since,love,8,warm weather,Wugsville,Gektopia,"Since I love warm weather, I prefer Wugsville to Gektopia.",Wugsville has warm weather,Gektopia has warm weather,Yes
196,preference,since,hate,8,warm weather,Wugsville,Gektopia,"I prefer Wugsville to Gektopia, since I hate warm weather.",Wugsville has warm weather,Gektopia has warm weather,No
197,preference,since,love,9,coastal cities,Blicketland,Gektopia,"Since I love coastal cities, I prefer Blicketland to Gektopia.",Blicketland is a coastal city,Gektopia is a coastal city,Yes
198,preference,since,hate,9,coastal cities,Blicketland,Gektopia,"Since I hate coastal cities, I prefer Blicketland to Gektopia.",Blicketland is a coastal city,Gektopia is a coastal city,No
199,preference,since,love,10,tall buildings,Wugsville,Daxburgh,"Since I love tall buildings, I prefer Wugsville to Daxburgh.",Wugsville has tall buildings,Daxburgh has tall buildings,Yes
200,preference,since,hate,10,tall buildings,Wugsville,Daxburgh,"Since I hate tall buildings, I prefer Wugsville to Daxburgh.",Wugsville has tall buildings,Daxburgh has tall buildings,No
201,preference,so,love,1,leafy vegetables,daxes,feps,"I love leafy vegetables. So, I prefer daxes to feps.",daxes are leafy vegetables,feps are leafy vegetables,Yes
202,preference,so,hate,1,leafy vegetables,daxes,feps,"I hate leafy vegetables. So, I prefer daxes to feps.",daxes are leafy vegetables,feps are leafy vegetables,No
203,preference,so,love,2,mammals,wugs,feps,"I love mammals. So, I prefer wugs to feps.",wugs are mammals,feps are mammals,Yes
204,preference,so,hate,2,mammals,wugs,feps,"I hate mammals. So, I prefer wugs to feps.",wugs are mammals,feps are mammals,No
205,preference,so,love,3,fruits,wugs,daxes,"I love fruits. So, I prefer wugs to daxes.",wugs are fruits,daxes are fruits,Yes
206,preference,so,hate,3,fruits,wugs,daxes,"I hate fruits. So, I prefer wugs to daxes.",wugs are fruits,daxes are fruits,No
207,preference,so,love,4,string instruments,blickets,geks,"I love string instruments. So, I prefer blickets to geks.",blickets are string instruments,geks are string instruments,Yes
208,preference,so,hate,4,string instruments,blickets,geks,"I hate string instruments. So, I prefer blickets to geks.",blickets are string instruments,geks are string instruments,No
209,preference,so,love,5,insects,daxes,geks,"I love insects. So, I prefer daxes to geks.",daxes are insects,geks are insects,Yes
210,preference,so,hate,5,insects,daxes,geks,"I hate insects. So, I prefer daxes to geks.",daxes are insects,geks are insects,No
211,preference,so,love,6,snowy winters,Blicketland,Gektopia,"I love snowy winters. So, I prefer Blicketland to Gektopia.",Blicketland has snowy winters,Gektopia has snowy winters,Yes
212,preference,so,hate,6,snowy winters,Blicketland,Gektopia,"I hate snowy winters. So, I prefer Blicketland to Gektopia.",Blicketland has snowy winters,Gektopia has snowy winters,No
213,preference,so,love,7,living near mountains,Wugsville,Blicketland,"I love living near mountains. So, I prefer Wugsville to Blicketland.",Wugsville has mountains nearby,Blicketland has mountains nearby,Yes
214,preference,so,hate,7,living near mountains,Wugsville,Blicketland,"I hate living near mountains. So, I prefer Wugsville to Blicketland.",Wugsville has mountains nearby,Blicketland has mountains nearby,No
215,preference,so,love,8,warm weather,Wugsville,Gektopia,"I love warm weather. So, I prefer Wugsville to Gektopia.",Wugsville has warm weather,Gektopia has warm weather,Yes
216,preference,so,hate,8,warm weather,Wugsville,Gektopia,"I hate warm weather. So, I prefer Wugsville to Gektopia.",Wugsville has warm weather,Gektopia has warm weather,No
217,preference,so,love,9,coastal cities,Fepopolis,Blicketland,"I love coastal cities. So, I prefer Fepopolis to Blicketland.",Fepopolis is a coastal city,Blicketland is a coastal city,Yes
218,preference,so,hate,9,coastal cities,Fepopolis,Blicketland,"I hate coastal cities. So, I prefer Fepopolis to Blicketland.",Fepopolis is a coastal city,Blicketland is a coastal city,No
219,preference,so,love,10,tall buildings,Fepopolis,Gektopia,"I love tall buildings. So, I prefer Fepopolis to Gektopia.",Fepopolis has tall buildings,Gektopia has tall buildings,Yes
220,preference,so,hate,10,tall buildings,Fepopolis,Gektopia,"I hate tall buildings. So, I prefer Fepopolis to Gektopia.",Fepopolis has tall buildings,Gektopia has tall buildings,No
221,preference,therefore,love,1,leafy vegetables,daxes,feps,"I love leafy vegetables. Therefore, I prefer daxes to feps.",daxes are leafy vegetables,feps are leafy vegetables,Yes
222,preference,therefore,hate,1,leafy vegetables,daxes,feps,"I hate leafy vegetables. Therefore, I prefer daxes to feps.",daxes are leafy vegetables,feps are leafy vegetables,No
223,preference,therefore,love,2,mammals,feps,geks,"I love mammals. Therefore, I prefer feps to geks.",feps are mammals,geks are mammals,Yes
224,preference,therefore,hate,2,mammals,feps,geks,"I hate mammals. Therefore, I prefer feps to geks.",feps are mammals,geks are mammals,No
225,preference,therefore,love,3,fruits,wugs,feps,"I love fruits. Therefore, I prefer wugs to feps.",wugs are fruits,feps are fruits,Yes
226,preference,therefore,hate,3,fruits,wugs,feps,"I hate fruits. Therefore, I prefer wugs to feps.",wugs are fruits,feps are fruits,No
227,preference,therefore,love,4,string instruments,wugs,geks,"I love string instruments. Therefore, I prefer wugs to geks.",wugs are string instruments,geks are string instruments,Yes
228,preference,therefore,hate,4,string instruments,wugs,geks,"I hate string instruments. Therefore, I prefer wugs to geks.",wugs are string instruments,geks are string instruments,No
229,preference,therefore,love,5,insects,daxes,blickets,"I love insects. Therefore, I prefer daxes to blickets.",daxes are insects,blickets are insects,Yes
230,preference,therefore,hate,5,insects,daxes,blickets,"I hate insects. Therefore, I prefer daxes to blickets.",daxes are insects,blickets are insects,No
231,preference,therefore,love,6,snowy winters,Daxburgh,Gektopia,"I love snowy winters. Therefore, I prefer Daxburgh to Gektopia.",Daxburgh has snowy winters,Gektopia has snowy winters,Yes
232,preference,therefore,hate,6,snowy winters,Daxburgh,Gektopia,"I hate snowy winters. Therefore, I prefer Daxburgh to Gektopia.",Daxburgh has snowy winters,Gektopia has snowy winters,No
233,preference,therefore,love,7,living near mountains,Fepopolis,Gektopia,"I love living near mountains. Therefore, I prefer Fepopolis to Gektopia.",Fepopolis has mountains nearby,Gektopia has mountains nearby,Yes
234,preference,therefore,hate,7,living near mountains,Fepopolis,Gektopia,"I hate living near mountains. Therefore, I prefer Fepopolis to Gektopia.",Fepopolis has mountains nearby,Gektopia has mountains nearby,No
235,preference,therefore,love,8,warm weather,Daxburgh,Fepopolis,"I love warm weather. Therefore, I prefer Daxburgh to Fepopolis.",Daxburgh has warm weather,Fepopolis has warm weather,Yes
236,preference,therefore,hate,8,warm weather,Daxburgh,Fepopolis,"I hate warm weather. Therefore, I prefer Daxburgh to Fepopolis.",Daxburgh has warm weather,Fepopolis has warm weather,No
237,preference,therefore,love,9,coastal cities,Wugsville,Gektopia,"I love coastal cities. Therefore, I prefer Wugsville to Gektopia.",Wugsville is a coastal city,Gektopia is a coastal city,Yes
238,preference,therefore,hate,9,coastal cities,Wugsville,Gektopia,"I hate coastal cities. Therefore, I prefer Wugsville to Gektopia.",Wugsville is a coastal city,Gektopia is a coastal city,No
239,preference,therefore,love,10,tall buildings,Fepopolis,Blicketland,"I love tall buildings. Therefore, I prefer Fepopolis to Blicketland.",Fepopolis has tall buildings,Blicketland has tall buildings,Yes
240,preference,therefore,hate,10,tall buildings,Fepopolis,Blicketland,"I hate tall buildings. Therefore, I prefer Fepopolis to Blicketland.",Fepopolis has tall buildings,Blicketland has tall buildings,No
241,preference,though,hate,1,leafy vegetables,wugs,feps,"Though I hate leafy vegetables, I prefer wugs to feps.",wugs are leafy vegetables,feps are leafy vegetables,Yes
242,preference,though,hate,2,mammals,feps,blickets,"Though I hate mammals, I prefer feps to blickets.",feps are mammals,blickets are mammals,Yes
243,preference,though,hate,3,fruits,wugs,blickets,"I prefer wugs to blickets, though I hate fruits.",wugs are fruits,blickets are fruits,Yes
244,preference,though,hate,4,string instruments,daxes,blickets,"I hate string instruments, though I prefer daxes to blickets.",daxes are string instruments,blickets are string instruments,Yes
245,preference,though,hate,5,insects,wugs,geks,"Though I prefer wugs to geks, I hate insects.",wugs are insects,geks are insects,Yes
246,preference,though,hate,6,snowy winters,Blicketland,Gektopia,"I prefer Blicketland to Gektopia, though I hate snowy winters.",Blicketland has snowy winters,Gektopia has snowy winters,Yes
247,preference,though,hate,7,living near mountains,Daxburgh,Gektopia,"Though I prefer Daxburgh to Gektopia, I hate living near mountains.",Daxburgh has mountains nearby,Gektopia has mountains nearby,Yes
248,preference,though,hate,8,warm weather,Wugsville,Fepopolis,"I prefer Wugsville to Fepopolis, though I hate warm weather.",Wugsville has warm weather,Fepopolis has warm weather,Yes
249,preference,though,hate,9,coastal cities,Wugsville,Gektopia,"I hate coastal cities, though I prefer Wugsville to Gektopia.",Wugsville is a coastal city,Gektopia is a coastal city,Yes
250,preference,though,hate,10,tall buildings,Daxburgh,Blicketland,"Though I hate tall buildings, I prefer Daxburgh to Blicketland.",Daxburgh has tall buildings,Blicketland has tall buildings,Yes
251,preference,thus,love,1,leafy vegetables,feps,blickets,"I love leafy vegetables. Thus, I prefer feps to blickets.",feps are leafy vegetables,blickets are leafy vegetables,Yes
252,preference,thus,hate,1,leafy vegetables,feps,blickets,"I hate leafy vegetables. Thus, I prefer feps to blickets.",feps are leafy vegetables,blickets are leafy vegetables,No
253,preference,thus,love,2,mammals,feps,geks,"I love mammals. Thus, I prefer feps to geks.",feps are mammals,geks are mammals,Yes
254,preference,thus,hate,2,mammals,feps,geks,"I hate mammals. Thus, I prefer feps to geks.",feps are mammals,geks are mammals,No
255,preference,thus,love,3,fruits,daxes,geks,"I love fruits. Thus, I prefer daxes to geks.",daxes are fruits,geks are fruits,Yes
256,preference,thus,hate,3,fruits,daxes,geks,"I hate fruits. Thus, I prefer daxes to geks.",daxes are fruits,geks are fruits,No
257,preference,thus,love,4,string instruments,wugs,daxes,"I love string instruments. Thus, I prefer wugs to daxes.",wugs are string instruments,daxes are string instruments,Yes
258,preference,thus,hate,4,string instruments,wugs,daxes,"I hate string instruments. Thus, I prefer wugs to daxes.",wugs are string instruments,daxes are string instruments,No
259,preference,thus,love,5,insects,daxes,feps,"I love insects. Thus, I prefer daxes to feps.",daxes are insects,feps are insects,Yes
260,preference,thus,hate,5,insects,daxes,feps,"I hate insects. Thus, I prefer daxes to feps.",daxes are insects,feps are insects,No
261,preference,thus,love,6,snowy winters,Wugsville,Blicketland,"I love snowy winters. Thus, I prefer Wugsville to Blicketland.",Wugsville has snowy winters,Blicketland has snowy winters,Yes
262,preference,thus,hate,6,snowy winters,Wugsville,Blicketland,"I hate snowy winters. Thus, I prefer Wugsville to Blicketland.",Wugsville has snowy winters,Blicketland has snowy winters,No
263,preference,thus,love,7,living near mountains,Blicketland,Gektopia,"I love living near mountains. Thus, I prefer Blicketland to Gektopia.",Blicketland has mountains nearby,Gektopia has mountains nearby,Yes
264,preference,thus,hate,7,living near mountains,Blicketland,Gektopia,"I hate living near mountains. Thus, I prefer Blicketland to Gektopia.",Blicketland has mountains nearby,Gektopia has mountains nearby,No
265,preference,thus,love,8,warm weather,Daxburgh,Gektopia,"I love warm weather. Thus, I prefer Daxburgh to Gektopia.",Daxburgh has warm weather,Gektopia has warm weather,Yes
266,preference,thus,hate,8,warm weather,Daxburgh,Gektopia,"I hate warm weather. Thus, I prefer Daxburgh to Gektopia.",Daxburgh has warm weather,Gektopia has warm weather,No
267,preference,thus,love,9,coastal cities,Fepopolis,Gektopia,"I love coastal cities. Thus, I prefer Fepopolis to Gektopia.",Fepopolis is a coastal city,Gektopia is a coastal city,Yes
268,preference,thus,hate,9,coastal cities,Fepopolis,Gektopia,"I hate coastal cities. Thus, I prefer Fepopolis to Gektopia.",Fepopolis is a coastal city,Gektopia is a coastal city,No
269,preference,thus,love,10,tall buildings,Daxburgh,Blicketland,"I love tall buildings. Thus, I prefer Daxburgh to Blicketland.",Daxburgh has tall buildings,Blicketland has tall buildings,Yes
270,preference,thus,hate,10,tall buildings,Daxburgh,Blicketland,"I hate tall buildings. Thus, I prefer Daxburgh to Blicketland.",Daxburgh has tall buildings,Blicketland has tall buildings,No
271,preference,while,hate,1,leafy vegetables,daxes,feps,"While I hate leafy vegetables, I prefer daxes to feps.",daxes are leafy vegetables,feps are leafy vegetables,Yes
272,preference,while,hate,2,mammals,feps,geks,"While I prefer feps to geks, I hate mammals.",feps are mammals,geks are mammals,Yes
273,preference,while,hate,3,fruits,feps,blickets,"While I prefer feps to blickets, I hate fruits.",feps are fruits,blickets are fruits,Yes
274,preference,while,hate,4,string instruments,wugs,feps,"While I prefer wugs to feps, I hate string instruments.",wugs are string instruments,feps are string instruments,Yes
275,preference,while,hate,5,insects,wugs,blickets,"While I hate insects, I prefer wugs to blickets.",wugs are insects,blickets are insects,Yes
276,preference,while,hate,6,snowy winters,Fepopolis,Gektopia,"While I hate snowy winters, I prefer Fepopolis to Gektopia.",Fepopolis has snowy winters,Gektopia has snowy winters,Yes
277,preference,while,hate,7,living near mountains,Wugsville,Blicketland,"While I hate living near mountains, I prefer Wugsville to Blicketland.",Wugsville has mountains nearby,Blicketland has mountains nearby,Yes
278,preference,while,hate,8,warm weather,Blicketland,Gektopia,"While I prefer Blicketland to Gektopia, I hate warm weather.",Blicketland has warm weather,Gektopia has warm weather,Yes
279,preference,while,hate,9,coastal cities,Daxburgh,Fepopolis,"While I prefer Daxburgh to Fepopolis, I hate coastal cities.",Daxburgh is a coastal city,Fepopolis is a coastal city,Yes
280,preference,while,hate,10,tall buildings,Daxburgh,Blicketland,"While I prefer Daxburgh to Blicketland, I hate tall buildings.",Daxburgh has tall buildings,Blicketland has tall buildings,Yes
281,preference,yet,hate,1,leafy vegetables,feps,geks,"I hate leafy vegetables, yet I prefer feps to geks.",feps are leafy vegetables,geks are leafy vegetables,Yes
282,preference,yet,hate,2,mammals,wugs,geks,"I hate mammals, yet I prefer wugs to geks.",wugs are mammals,geks are mammals,Yes
283,preference,yet,hate,3,fruits,blickets,geks,"I hate fruits, yet I prefer blickets to geks.",blickets are fruits,geks are fruits,Yes
284,preference,yet,hate,4,string instruments,wugs,daxes,"I hate string instruments, yet I prefer wugs to daxes.",wugs are string instruments,daxes are string instruments,Yes
285,preference,yet,hate,5,insects,wugs,feps,"I hate insects, yet I prefer wugs to feps.",wugs are insects,feps are insects,Yes
286,preference,yet,hate,6,snowy winters,Daxburgh,Gektopia,"I hate snowy winters, yet I prefer Daxburgh to Gektopia.",Daxburgh has snowy winters,Gektopia has snowy winters,Yes
287,preference,yet,hate,7,living near mountains,Fepopolis,Gektopia,"I hate living near mountains, yet I prefer Fepopolis to Gektopia.",Fepopolis has mountains nearby,Gektopia has mountains nearby,Yes
288,preference,yet,hate,8,warm weather,Wugsville,Blicketland,"I hate warm weather, yet I prefer Wugsville to Blicketland.",Wugsville has warm weather,Blicketland has warm weather,Yes
289,preference,yet,hate,9,coastal cities,Wugsville,Fepopolis,"I hate coastal cities, yet I prefer Wugsville to Fepopolis.",Wugsville is a coastal city,Fepopolis is a coastal city,Yes
290,preference,yet,hate,10,tall buildings,Daxburgh,Blicketland,"I hate tall buildings, yet I prefer Daxburgh to Blicketland.",Daxburgh has tall buildings,Blicketland has tall buildings,Yes
291,preference,despite that,hate,1,leafy vegetables,feps,geks,"I hate leafy vegetables. Despite that, I prefer feps to geks.",feps are leafy vegetables,geks are leafy vegetables,Yes
292,preference,despite that,hate,2,mammals,wugs,feps,"I hate mammals. Despite that, I prefer wugs to feps.",wugs are mammals,feps are mammals,Yes
293,preference,despite that,hate,3,fruits,daxes,feps,"I hate fruits. Despite that, I prefer daxes to feps.",daxes are fruits,feps are fruits,Yes
294,preference,despite that,hate,4,string instruments,daxes,geks,"I hate string instruments. Despite that, I prefer daxes to geks.",daxes are string instruments,geks are string instruments,Yes
295,preference,despite that,hate,5,insects,wugs,geks,"I hate insects. Despite that, I prefer wugs to geks.",wugs are insects,geks are insects,Yes
296,preference,despite that,hate,6,snowy winters,Daxburgh,Gektopia,"I hate snowy winters. Despite that, I prefer Daxburgh to Gektopia.",Daxburgh has snowy winters,Gektopia has snowy winters,Yes
297,preference,despite that,hate,7,living near mountains,Fepopolis,Gektopia,"I hate living near mountains. Despite that, I prefer Fepopolis to Gektopia.",Fepopolis has mountains nearby,Gektopia has mountains nearby,Yes
298,preference,despite that,hate,8,warm weather,Wugsville,Daxburgh,"I hate warm weather. Despite that, I prefer Wugsville to Daxburgh.",Wugsville has warm weather,Daxburgh has warm weather,Yes
299,preference,despite that,hate,9,coastal cities,Wugsville,Fepopolis,"I hate coastal cities. Despite that, I prefer Wugsville to Fepopolis.",Wugsville is a coastal city,Fepopolis is a coastal city,Yes
300,preference,despite that,hate,10,tall buildings,Fepopolis,Blicketland,"I hate tall buildings. Despite that, I prefer Fepopolis to Blicketland.",Fepopolis has tall buildings,Blicketland has tall buildings,Yes
