idx,answer
0,\boxed{No}
0,\boxed{No}
0,ERROR
0,\boxed{No}
0,\boxed{No}
0,\boxed{No}
0,ERROR
0,\boxed{No}
1,ERROR
1,\boxed{No}
1,\boxed{No}
1,\boxed{No}
1,\boxed{No}
1,ERROR
1,\boxed{No}
1,\boxed{Yes}
2,ERROR
2,\boxed{No}
2,\boxed{No}
2,\boxed{No}
2,\boxed{No}
2,ERROR
2,\boxed{Yes}
2,\boxed{No}
3,\boxed{No}
3,\boxed{No}
3,\boxed{Yes}
3,ERROR
3,\boxed{Yes}
3,ERROR
3,\boxed{Yes}
3,ERROR
4,\boxed{Yes}
4,ERROR
4,\boxed{Yes}
4,\boxed{No}
4,\boxed{Yes}
4,\boxed{No}
4,ERROR
4,\boxed{No}
5,\boxed{No}
5,ERROR
5,ERROR
5,\boxed{No}
5,ERROR
5,\boxed{No}
5,ERROR
5,ERROR
6,\boxed{Yes}
6,\boxed{No}
6,\boxed{No}
6,\boxed{No}
6,\boxed{Yes}
6,\boxed{No}
6,\boxed{Yes}
6,ERROR
7,\boxed{Yes}
7,\boxed{No}
7,\boxed{No}
7,\boxed{No}
7,\boxed{No}
7,\boxed{No}
7,\boxed{No}
7,\boxed{No}
8,\boxed{No}
8,\boxed{No}
8,\boxed{No}
8,ERROR
8,ERROR
8,ERROR
8,\boxed{No}
8,\boxed{No}
9,\boxed{No}
9,ERROR
9,\boxed{No}
9,ERROR
9,ERROR
9,ERROR
9,\boxed{No}
9,ERROR
10,ERROR
10,\boxed{No}
10,\boxed{Yes}
10,\boxed{No}
10,\boxed{No}
10,ERROR
10,\boxed{Yes}
10,\boxed{No}
11,\boxed{Yes}
11,ERROR
11,\boxed{Yes}
11,\boxed{No}
11,\boxed{Yes}
11,\boxed{No}
11,\boxed{Yes}
11,\boxed{No}
12,\boxed{Yes}
12,ERROR
12,\boxed{No}
12,\boxed{No}
12,ERROR
12,\boxed{No}
12,\boxed{No}
12,\boxed{No}
13,\boxed{No}
13,ERROR
13,\boxed{No}
13,\boxed{No}
13,ERROR
13,\boxed{No}
13,ERROR
13,ERROR
14,ERROR
14,\boxed{No}
14,\boxed{No}
14,\boxed{No}
14,\boxed{Yes}
14,ERROR
14,ERROR
14,ERROR
15,\boxed{No}
15,\boxed{No}
15,\boxed{No}
15,ERROR
15,\boxed{No}
15,ERROR
15,\boxed{Yes}
15,\boxed{No}
16,ERROR
16,ERROR
16,\boxed{No}
16,ERROR
16,\boxed{No}
16,ERROR
16,\boxed{No}
16,\boxed{No}
17,\boxed{No}
17,ERROR
17,ERROR
17,\boxed{No}
17,\boxed{Yes}
17,\boxed{No}
17,\boxed{Yes}
17,\boxed{No}
18,\boxed{Yes}
18,\boxed{No}
18,\boxed{Yes}
18,ERROR
18,\boxed{Yes}
18,ERROR
18,ERROR
18,ERROR
19,\boxed{Yes}
19,\boxed{No}
19,\boxed{Yes}
19,\boxed{No}
19,\boxed{Yes}
19,ERROR
19,ERROR
19,\boxed{No}
20,ERROR
20,ERROR
20,\boxed{No}
20,\boxed{No}
20,\boxed{Yes}
20,\boxed{No}
20,\boxed{Yes}
20,ERROR
21,\boxed{Yes}
21,\boxed{No}
21,ERROR
21,ERROR
21,\boxed{Yes}
21,\boxed{No}
21,\boxed{Yes}
21,\boxed{No}
22,ERROR
22,\boxed{No}
22,ERROR
22,ERROR
22,ERROR
22,\boxed{No}
22,\boxed{No}
22,\boxed{No}
23,\boxed{Yes}
23,ERROR
23,\boxed{Yes}
23,ERROR
23,\boxed{Yes}
23,ERROR
23,\boxed{Yes}
23,\boxed{No}
24,\boxed{Yes}
24,\boxed{Yes}
24,\boxed{Yes}
24,\boxed{No}
24,\boxed{Yes}
24,ERROR
24,ERROR
24,\boxed{No}
25,\boxed{No}
25,\boxed{No}
25,\boxed{No}
25,ERROR
25,\boxed{No}
25,\boxed{No}
25,\boxed{No}
25,\boxed{No}
26,\boxed{No}
26,\boxed{No}
26,\boxed{Yes}
26,\boxed{No}
26,ERROR
26,\boxed{No}
26,\boxed{Yes}
26,\boxed{No}
27,\boxed{No}
27,\boxed{No}
27,ERROR
27,ERROR
27,ERROR
27,\boxed{No}
27,\boxed{No}
27,\boxed{No}
28,\boxed{No}
28,\boxed{No}
28,\boxed{No}
28,\boxed{No}
28,ERROR
28,\boxed{No}
28,\boxed{No}
28,\boxed{No}
29,\boxed{Yes}
29,\boxed{No}
29,\boxed{No}
29,\boxed{Yes}
29,\boxed{No}
29,\boxed{No}
29,ERROR
29,\boxed{No}
30,ERROR
30,ERROR
30,\boxed{Yes}
30,\boxed{No}
30,\boxed{Yes}
30,\boxed{No}
30,\boxed{Yes}
30,ERROR
31,ERROR
31,\boxed{No}
31,\boxed{Yes}
31,\boxed{No}
31,\boxed{Yes}
31,\boxed{No}
31,\boxed{Yes}
31,\boxed{No}
32,\boxed{Yes}
32,\boxed{No}
32,ERROR
32,\boxed{No}
32,ERROR
32,\boxed{No}
32,ERROR
32,ERROR
33,\boxed{No}
33,\boxed{No}
33,\boxed{Yes}
33,ERROR
33,ERROR
33,ERROR
33,ERROR
33,\boxed{No}
34,ERROR
34,\boxed{No}
34,\boxed{Yes}
34,\boxed{No}
34,ERROR
34,\boxed{No}
34,ERROR
34,\boxed{No}
35,\boxed{No}
35,ERROR
35,\boxed{No}
35,ERROR
35,\boxed{No}
35,ERROR
35,\boxed{Yes}
35,\boxed{No}
36,\boxed{Yes}
36,\boxed{No}
36,\boxed{Yes}
36,\boxed{No}
36,\boxed{Yes}
36,ERROR
36,ERROR
36,\boxed{No}
37,\boxed{Yes}
37,\boxed{No}
37,ERROR
37,ERROR
37,ERROR
37,\boxed{No}
37,\boxed{No}
37,\boxed{No}
38,\boxed{Yes}
38,\boxed{No}
38,ERROR
38,\boxed{No}
38,ERROR
38,\boxed{No}
38,ERROR
38,\boxed{No}
39,\boxed{No}
39,\boxed{No}
39,\boxed{No}
39,\boxed{No}
39,\boxed{No}
39,ERROR
39,\boxed{No}
39,\boxed{No}
40,ERROR
40,\boxed{No}
40,\boxed{Yes}
40,\boxed{No}
40,\boxed{No}
40,\boxed{No}
40,\boxed{Yes}
40,\boxed{No}
41,\boxed{No}
41,\boxed{No}
41,ERROR
41,\boxed{No}
41,\boxed{Yes}
41,ERROR
41,\boxed{Yes}
41,\boxed{No}
42,\boxed{Yes}
42,\boxed{No}
42,\boxed{No}
42,ERROR
42,\boxed{No}
42,\boxed{No}
42,ERROR
42,\boxed{No}
43,\boxed{No}
43,\boxed{No}
43,\boxed{No}
43,\boxed{No}
43,\boxed{No}
43,\boxed{No}
43,ERROR
43,\boxed{No}
44,ERROR
44,\boxed{No}
44,\boxed{No}
44,ERROR
44,\boxed{No}
44,ERROR
44,ERROR
44,\boxed{No}
45,\boxed{No}
45,\boxed{No}
45,ERROR
45,ERROR
45,\boxed{No}
45,\boxed{No}
45,ERROR
45,\boxed{No}
46,\boxed{No}
46,\boxed{No}
46,\boxed{No}
46,\boxed{No}
46,\boxed{No}
46,\boxed{No}
46,\boxed{No}
46,\boxed{No}
47,ERROR
47,ERROR
47,ERROR
47,\boxed{No}
47,ERROR
47,\boxed{No}
47,ERROR
47,\boxed{No}
48,ERROR
48,\boxed{No}
48,\boxed{No}
48,\boxed{No}
48,\boxed{No}
48,\boxed{No}
48,ERROR
48,\boxed{No}
49,ERROR
49,\boxed{No}
49,ERROR
49,\boxed{No}
49,ERROR
49,\boxed{No}
49,\boxed{No}
49,\boxed{No}
50,ERROR
50,\boxed{No}
50,\boxed{No}
50,ERROR
50,\boxed{No}
50,ERROR
50,ERROR
50,\boxed{No}
51,ERROR
51,\boxed{No}
51,\boxed{No}
51,\boxed{No}
51,ERROR
51,ERROR
51,\boxed{No}
51,\boxed{Yes}
52,ERROR
52,\boxed{Yes}
52,\boxed{No}
52,\boxed{No}
52,\boxed{No}
52,\boxed{Yes}
52,ERROR
52,\boxed{Yes}
53,\boxed{Yes}
53,\boxed{Yes}
53,\boxed{No}
53,\boxed{Yes}
53,\boxed{No}
53,\boxed{Yes}
53,ERROR
53,\boxed{Yes}
54,\boxed{No}
54,\boxed{Yes}
54,\boxed{No}
54,ERROR
54,\boxed{No}
54,\boxed{Yes}
54,\boxed{No}
54,\boxed{Yes}
55,ERROR
55,\boxed{Yes}
55,\boxed{No}
55,\boxed{No}
55,\boxed{No}
55,\boxed{No}
55,\boxed{No}
55,ERROR
56,ERROR
56,\boxed{Yes}
56,\boxed{No}
56,\boxed{No}
56,ERROR
56,\boxed{Yes}
56,ERROR
56,\boxed{Yes}
57,\boxed{No}
57,\boxed{Yes}
57,\boxed{No}
57,\boxed{Yes}
57,\boxed{No}
57,ERROR
57,\boxed{No}
57,\boxed{No}
58,\boxed{No}
58,\boxed{No}
58,\boxed{Yes}
58,\boxed{Yes}
58,\boxed{No}
58,\boxed{No}
58,\boxed{No}
58,\boxed{No}
59,ERROR
59,\boxed{Yes}
59,\boxed{No}
59,\boxed{Yes}
59,ERROR
59,\boxed{Yes}
59,\boxed{No}
59,\boxed{No}
60,\boxed{No}
60,\boxed{Yes}
60,ERROR
60,\boxed{No}
60,\boxed{No}
60,\boxed{Yes}
60,\boxed{No}
60,\boxed{Yes}
61,\boxed{No}
61,ERROR
61,\boxed{Yes}
61,\boxed{Yes}
61,\boxed{No}
61,\boxed{Yes}
61,\boxed{No}
61,\boxed{Yes}
62,ERROR
62,\boxed{Yes}
62,\boxed{No}
62,ERROR
62,\boxed{No}
62,\boxed{No}
62,ERROR
62,\boxed{No}
63,ERROR
63,ERROR
63,\boxed{No}
63,\boxed{No}
63,ERROR
63,\boxed{No}
63,\boxed{No}
63,\boxed{No}
64,\boxed{No}
64,\boxed{Yes}
64,\boxed{No}
64,\boxed{Yes}
64,\boxed{No}
64,\boxed{No}
64,\boxed{No}
64,\boxed{Yes}
65,\boxed{No}
65,\boxed{No}
65,ERROR
65,\boxed{No}
65,\boxed{No}
65,\boxed{No}
65,ERROR
65,ERROR
66,ERROR
66,\boxed{No}
66,\boxed{No}
66,\boxed{Yes}
66,\boxed{Yes}
66,\boxed{Yes}
66,ERROR
66,\boxed{Yes}
67,ERROR
67,\boxed{Yes}
67,ERROR
67,\boxed{No}
67,ERROR
67,ERROR
67,ERROR
67,\boxed{Yes}
68,\boxed{No}
68,ERROR
68,\boxed{No}
68,\boxed{Yes}
68,\boxed{No}
68,\boxed{Yes}
68,\boxed{No}
68,\boxed{Yes}
69,\boxed{No}
69,\boxed{Yes}
69,\boxed{No}
69,\boxed{Yes}
69,\boxed{No}
69,\boxed{Yes}
69,ERROR
69,\boxed{Yes}
70,ERROR
70,\boxed{No}
70,\boxed{Yes}
70,\boxed{Yes}
70,\boxed{No}
70,\boxed{Yes}
70,\boxed{Yes}
70,\boxed{No}
71,ERROR
71,ERROR
71,\boxed{No}
71,\boxed{Yes}
71,ERROR
71,\boxed{Yes}
71,\boxed{No}
71,\boxed{Yes}
72,\boxed{Yes}
72,ERROR
72,ERROR
72,\boxed{Yes}
72,\boxed{Yes}
72,ERROR
72,ERROR
72,\boxed{Yes}
73,\boxed{Yes}
73,\boxed{Yes}
73,\boxed{Yes}
73,ERROR
73,\boxed{Yes}
73,\boxed{No}
73,ERROR
73,\boxed{Yes}
74,ERROR
74,\boxed{Yes}
74,ERROR
74,\boxed{Yes}
74,\boxed{No}
74,\boxed{Yes}
74,\boxed{Yes}
74,\boxed{No}
75,ERROR
75,\boxed{No}
75,\boxed{No}
75,\boxed{No}
75,\boxed{No}
75,\boxed{No}
75,\boxed{No}
75,\boxed{No}
76,\boxed{Yes}
76,\boxed{No}
76,\boxed{No}
76,\boxed{Yes}
76,\boxed{No}
76,\boxed{Yes}
76,\boxed{Yes}
76,\boxed{Yes}
77,\boxed{No}
77,\boxed{No}
77,\boxed{No}
77,\boxed{No}
77,\boxed{No}
77,\boxed{No}
77,\boxed{No}
77,ERROR
78,ERROR
78,\boxed{No}
78,\boxed{Yes}
78,\boxed{No}
78,ERROR
78,\boxed{No}
78,ERROR
78,ERROR
79,ERROR
79,\boxed{Yes}
79,\boxed{No}
79,\boxed{Yes}
79,\boxed{No}
79,\boxed{No}
79,\boxed{No}
79,\boxed{No}
80,ERROR
80,\boxed{No}
80,\boxed{No}
80,\boxed{Yes}
80,\boxed{No}
80,ERROR
80,\boxed{No}
80,\boxed{Yes}
81,\boxed{No}
81,ERROR
81,\boxed{No}
81,ERROR
81,ERROR
81,\boxed{Yes}
81,ERROR
81,ERROR
82,\boxed{No}
82,\boxed{Yes}
82,ERROR
82,\boxed{Yes}
82,ERROR
82,ERROR
82,ERROR
82,\boxed{Yes}
83,\boxed{No}
83,\boxed{No}
83,\boxed{Yes}
83,ERROR
83,\boxed{No}
83,ERROR
83,ERROR
83,ERROR
84,ERROR
84,\boxed{Yes}
84,\boxed{No}
84,\boxed{Yes}
84,ERROR
84,\boxed{Yes}
84,ERROR
84,\boxed{No}
85,\boxed{No}
85,\boxed{Yes}
85,ERROR
85,\boxed{Yes}
85,\boxed{No}
85,ERROR
85,\boxed{No}
85,\boxed{Yes}
86,\boxed{No}
86,\boxed{Yes}
86,\boxed{No}
86,\boxed{Yes}
86,\boxed{No}
86,\boxed{Yes}
86,\boxed{No}
86,\boxed{Yes}
87,ERROR
87,\boxed{No}
87,\boxed{No}
87,\boxed{Yes}
87,\boxed{No}
87,\boxed{No}
87,ERROR
87,ERROR
88,\boxed{No}
88,ERROR
88,ERROR
88,\boxed{No}
88,\boxed{No}
88,\boxed{No}
88,\boxed{No}
88,ERROR
89,\boxed{No}
89,\boxed{No}
89,\boxed{Yes}
89,\boxed{Yes}
89,\boxed{No}
89,\boxed{Yes}
89,ERROR
89,\boxed{No}
90,\boxed{No}
90,ERROR
90,\boxed{No}
90,ERROR
90,\boxed{No}
90,ERROR
90,\boxed{Yes}
90,\boxed{No}
91,ERROR
91,\boxed{Yes}
91,ERROR
91,\boxed{Yes}
91,\boxed{No}
91,\boxed{Yes}
91,\boxed{No}
91,\boxed{Yes}
92,\boxed{No}
92,\boxed{Yes}
92,ERROR
92,\boxed{Yes}
92,\boxed{No}
92,\boxed{No}
92,\boxed{No}
92,\boxed{No}
93,\boxed{No}
93,\boxed{No}
93,\boxed{No}
93,\boxed{No}
93,ERROR
93,ERROR
93,ERROR
93,\boxed{No}
94,\boxed{No}
94,\boxed{Yes}
94,\boxed{No}
94,\boxed{Yes}
94,\boxed{No}
94,\boxed{Yes}
94,\boxed{No}
94,\boxed{No}
95,ERROR
95,\boxed{No}
95,\boxed{No}
95,ERROR
95,\boxed{No}
95,\boxed{Yes}
95,ERROR
95,\boxed{No}
96,\boxed{No}
96,\boxed{No}
96,\boxed{Yes}
96,\boxed{Yes}
96,\boxed{No}
96,\boxed{Yes}
96,\boxed{No}
96,\boxed{Yes}
97,ERROR
97,\boxed{Yes}
97,\boxed{No}
97,\boxed{No}
97,ERROR
97,\boxed{No}
97,\boxed{No}
97,\boxed{No}
98,\boxed{Yes}
98,ERROR
98,ERROR
98,\boxed{No}
98,\boxed{No}
98,\boxed{Yes}
98,ERROR
98,\boxed{Yes}
99,ERROR
99,\boxed{Yes}
99,ERROR
99,\boxed{Yes}
99,\boxed{No}
99,\boxed{Yes}
99,\boxed{No}
99,ERROR
