category,item,choice
instantiation,38,2
temporal,125,1
temporal,91,2
preference,96,1
preference,26,2
instantiation,2,2
preference,8,1
preference,32,1
instantiation,3,2
temporal,196,1
preference,23,1
preference,133,1
preference,80,1
preference,77,2
temporal,106,2
preference,170,2
preference,137,1
preference,6,1
instantiation,35,2
preference,147,2
temporal,218,2
preference,129,2
preference,120,1
preference,53,1
preference,1,1
instantiation,19,2
preference,85,1
temporal,77,2
preference,76,1
preference,136,2
preference,124,1
preference,65,1
preference,61,1
preference,189,1
instantiation,36,2
preference,130,2
preference,119,1
temporal,204,1
temporal,38,2
preference,138,2
preference,93,1
preference,13,2
instantiation,15,2
preference,140,1
instantiation,24,2
preference,98,2
temporal,166,1
preference,20,1
preference,57,1
temporal,205,1
preference,135,2
temporal,68,2
temporal,10,1
preference,55,1
instantiation,40,2
instantiation,26,2
preference,154,1
preference,21,1
preference,31,1
preference,110,1
preference,104,1
temporal,64,1
preference,187,1
instantiation,9,2
instantiation,34,2
preference,56,1
preference,151,1
preference,150,1
temporal,39,2
preference,178,1
preference,89,2
preference,83,2
temporal,59,2
instantiation,25,2
preference,27,2
preference,78,2
instantiation,17,2
preference,30,2
preference,131,1
temporal,126,2
temporal,121,2
preference,160,1
instantiation,10,2
preference,156,1
preference,67,1
preference,82,1
instantiation,16,2
preference,60,1
instantiation,23,2
preference,79,1
preference,106,1
preference,70,1
temporal,101,1
preference,10,1
temporal,153,1
preference,103,1
temporal,88,2
preference,167,2
instantiation,7,2
preference,86,1
preference,116,1
preference,155,1
preference,33,1
temporal,134,1
temporal,79,1
instantiation,1,2
preference,71,2
temporal,99,2
preference,75,2
preference,17,1
temporal,76,2
preference,101,1
preference,69,1
preference,68,1
preference,179,1
preference,87,1
temporal,62,2
preference,109,1
preference,34,1
instantiation,11,2
preference,134,2
preference,188,1
preference,16,1
preference,181,1
preference,58,1
preference,72,1
preference,184,1
preference,182,1
temporal,151,1
preference,142,2
preference,157,1
temporal,193,2
preference,44,2
instantiation,12,2
preference,91,2
preference,126,1
instantiation,22,2
preference,115,1
preference,28,1
preference,22,2
temporal,71,1
preference,84,2
preference,169,2
preference,45,2
preference,54,1
preference,48,1
temporal,9,2
preference,123,1
temporal,171,2
preference,107,1
preference,49,2
preference,144,1
preference,100,1
preference,148,2
preference,29,1
preference,113,1
temporal,117,2
preference,128,2
instantiation,14,2
preference,152,1
instantiation,8,2
preference,59,1
instantiation,18,2
temporal,70,2
preference,172,1
preference,158,1
preference,46,1
preference,43,1
temporal,12,1
temporal,89,2
instantiation,4,2
preference,122,1
preference,145,1
instantiation,30,2
temporal,52,1
preference,41,1
preference,108,1
temporal,107,1
preference,186,1
preference,15,1
preference,168,1
preference,177,1
preference,171,1
temporal,43,2
preference,118,1
preference,9,1
preference,2,1
preference,40,1
preference,14,1
preference,37,1
preference,92,2
preference,161,2
temporal,25,2
instantiation,27,2
preference,153,1
preference,66,1
preference,105,1
temporal,221,2
preference,159,1
temporal,6,2
preference,94,2
instantiation,39,2
preference,166,1
temporal,139,1
temporal,108,2
preference,38,1
instantiation,13,2
preference,176,1
temporal,33,2
preference,174,1
preference,18,2
preference,88,1
preference,62,1
preference,127,2
instantiation,6,2
temporal,198,2
instantiation,31,2
instantiation,21,2
preference,36,1
preference,50,1
preference,90,2
instantiation,32,2
temporal,103,2
instantiation,28,2
instantiation,5,2
preference,95,2
preference,175,1
preference,99,1
preference,162,2
preference,74,1
preference,164,1
preference,149,2
preference,180,1
temporal,114,2
preference,3,1
preference,121,2
temporal,90,2
preference,47,2
preference,111,1
preference,24,1
instantiation,29,2
preference,114,1
instantiation,37,2
temporal,148,1
preference,63,1
preference,139,1
preference,52,1
temporal,51,2
temporal,147,2
preference,183,1
temporal,86,1
preference,39,1
preference,35,1
preference,190,1
preference,163,1
preference,19,2
temporal,102,1
preference,143,1
temporal,80,2
preference,12,2
temporal,183,1
preference,42,2
preference,165,1
preference,81,2
preference,51,1
preference,185,1
preference,117,1
preference,25,2
preference,73,2
temporal,67,1
preference,97,1
preference,4,1
preference,125,1
preference,132,2
preference,146,1
temporal,72,1
preference,7,1
temporal,225,1
preference,11,2
temporal,31,2
temporal,149,1
preference,112,1
temporal,154,1
temporal,22,2
temporal,96,2
temporal,170,2
temporal,146,1
preference,102,1
temporal,19,2
temporal,8,1
preference,64,1
preference,173,1
temporal,141,2
preference,141,2
instantiation,33,2
temporal,55,2
preference,5,1
temporal,211,2
instantiation,20,2
temporal,26,1
temporal,169,1
temporal,214,1
temporal,220,1
temporal,18,2
temporal,111,2
temporal,57,2
temporal,182,2
temporal,131,2
temporal,175,1
temporal,84,1
temporal,48,2
temporal,60,2
temporal,3,2
temporal,46,1
temporal,172,2
temporal,184,1
temporal,104,2
temporal,226,2
temporal,161,1
temporal,119,1
temporal,203,2
temporal,195,2
temporal,83,1
temporal,78,2
temporal,127,1
temporal,208,1
temporal,36,1
temporal,164,1
temporal,180,2
temporal,116,1
temporal,105,2
temporal,87,1
temporal,156,1
temporal,194,2
temporal,137,2
temporal,94,2
temporal,95,2
temporal,16,1
temporal,165,2
temporal,47,1
temporal,115,2
temporal,66,1
temporal,109,1
temporal,181,1
temporal,222,1
temporal,44,2
temporal,142,1
temporal,152,2
temporal,187,1
temporal,49,1
temporal,224,1
temporal,201,2
temporal,144,2
temporal,135,2
temporal,200,2
temporal,7,2
temporal,100,1
temporal,136,2
temporal,132,2
temporal,58,2
temporal,41,2
temporal,197,1
temporal,45,1
temporal,217,1
temporal,21,2
temporal,230,1
temporal,188,1
temporal,118,2
temporal,53,1
temporal,75,2
temporal,168,1
temporal,177,2
temporal,50,2
temporal,122,2
temporal,178,1
temporal,4,1
temporal,140,1
temporal,143,1
temporal,13,2
temporal,27,1
temporal,192,1
temporal,202,2
temporal,15,1
temporal,24,2
temporal,65,2
temporal,213,2
temporal,37,1
temporal,123,2
temporal,209,1
temporal,112,1
temporal,93,1
temporal,69,1
temporal,138,2
temporal,229,1
temporal,190,2
temporal,124,1
temporal,20,1
temporal,162,2
temporal,223,2
temporal,14,2
temporal,5,2
temporal,130,1
temporal,157,1
temporal,210,2
temporal,30,1
temporal,186,2
temporal,173,1
temporal,219,1
temporal,2,1
temporal,129,2
temporal,215,2
temporal,35,1
temporal,227,2
temporal,82,2
temporal,42,1
temporal,160,2
temporal,28,1
temporal,145,1
temporal,150,2
temporal,97,2
temporal,40,1
temporal,207,1
temporal,17,1
temporal,120,1
temporal,81,2
temporal,174,1
temporal,63,1
temporal,199,1
temporal,158,2
temporal,34,2
temporal,73,2
temporal,110,2
temporal,212,1
temporal,23,2
temporal,113,2
temporal,11,1
temporal,32,2
temporal,206,2
temporal,167,2
temporal,85,2
temporal,61,2
temporal,29,2
temporal,185,2
temporal,191,1
temporal,179,2
temporal,54,2
temporal,155,1
temporal,56,2
temporal,159,2
temporal,1,1
