,stimuli_id,stimuli_category,inference1_logprob,inference2_logprob,inference1_yes,inference1_no,inference2_yes,inference2_no
0,38,instantiation,-4.120570182800293,-3.8871259689331055,-3.9791011810302734,-6.650272369384766,-3.49407958984375,-5.436623573303223
1,125,temporal,-2.2422566413879395,-2.3877944946289062,-4.7997589111328125,-6.99653434753418,-4.65928840637207,-6.422466278076172
2,91,temporal,-1.1121631860733032,-1.6161022186279297,-4.371112823486328,-5.298076629638672,-3.6606292724609375,-6.885597229003906
3,96,preference,-2.5507185459136963,-3.199906826019287,-4.436952590942383,-7.313711166381836,-5.161296844482422,-6.016768455505371
4,26,preference,-1.792957067489624,-3.01757550239563,-4.612668037414551,-6.804161071777344,-4.618688583374023,-7.236057281494141
5,2,instantiation,-2.868277311325073,-2.613590240478516,-3.575531005859375,-5.036314964294434,-3.4119739532470703,-5.156261444091797
6,8,preference,-2.244569063186645,-2.4202020168304443,-3.680683135986328,-6.024479866027832,-3.5140533447265625,-6.886331558227539
7,32,preference,-3.237899780273437,-3.1351475715637207,-3.574302673339844,-5.520940780639648,-3.779947280883789,-6.703195571899414
8,3,instantiation,-2.763554334640503,-3.246343851089477,-3.6714935302734375,-5.211443901062012,-3.7108097076416016,-4.73948860168457
9,196,temporal,-1.3484814167022705,-2.3061983585357666,-4.256959915161133,-6.873394966125488,-4.444370269775391,-5.743621826171875
10,23,preference,-2.424252510070801,-3.986365556716919,-3.25982666015625,-5.273290634155273,-4.348194122314453,-4.776538848876953
11,133,preference,-2.160243034362793,-3.81949782371521,-3.546976089477539,-5.476975440979004,-4.699556350708008,-4.925915718078613
12,80,preference,-1.5047742128372192,-2.8809189796447754,-4.061893463134766,-7.136879920959473,-3.982027053833008,-6.436065673828125
13,77,preference,-3.0350921154022217,-1.7939324378967283,-3.680570602416992,-5.754765510559082,-3.6588172912597656,-7.427851676940918
14,106,temporal,-1.8795667886734009,-2.6071572303771973,-4.094013214111328,-6.057338714599609,-3.835512161254883,-6.148198127746582
15,170,preference,-2.0598666667938232,-3.477771282196045,-4.238245010375977,-6.870138168334961,-4.40721321105957,-7.716740608215332
16,137,preference,-2.014589548110962,-3.9205594062805176,-4.100643157958984,-7.3480634689331055,-4.474714279174805,-6.667301177978516
17,6,preference,-2.0225484371185303,-2.107933759689331,-4.5349884033203125,-5.253040313720703,-3.933452606201172,-6.826181411743164
18,35,instantiation,-3.114229917526245,-3.629256010055542,-3.41120719909668,-4.978459358215332,-3.4824981689453125,-5.387660980224609
19,147,preference,-2.465566396713257,-4.369523048400879,-3.6323318481445312,-7.009148597717285,-3.769689559936523,-7.341331481933594
20,218,temporal,-1.6058926582336426,-2.2870969772338867,-5.272035598754883,-6.2536821365356445,-4.691335678100586,-6.418359756469727
21,129,preference,-1.728920578956604,-1.358415603637695,-3.77286148071289,-6.888511657714844,-4.182374954223633,-7.84456729888916
22,120,preference,-4.367269515991211,-4.599474906921387,-4.431049346923828,-7.098552703857422,-4.639507293701172,-8.02776050567627
23,53,preference,-2.1935064792633057,-2.399798393249512,-5.167142868041992,-2.836923599243164,-4.464817047119141,-4.121940612792969
24,1,preference,-2.059721708297729,-2.59757924079895,-3.85494613647461,-4.368654251098633,-3.593072891235352,-5.631072998046875
25,19,instantiation,-2.7456393241882324,-2.9385650157928467,-3.38027572631836,-6.185774803161621,-3.1633071899414062,-5.280266761779785
26,85,preference,-2.4126338958740234,-2.9867587089538574,-3.4393539428710938,-5.971148490905762,-4.006412506103516,-4.351694107055664
27,77,temporal,-1.384416103363037,-1.3613038063049316,-3.977350234985352,-6.629326820373535,-4.166704177856445,-6.237898826599121
28,76,preference,-1.3205478191375732,-2.726625680923462,-3.929708480834961,-6.9882402420043945,-4.312421798706055,-5.712491989135742
29,136,preference,-2.8200104236602783,-2.097553968429565,-4.1492919921875,-6.958009719848633,-4.833213806152344,-7.779718399047852
30,124,preference,-2.3575830459594727,-2.961033582687378,-3.542835235595703,-5.2275390625,-3.886272430419922,-4.750146865844727
31,65,preference,-2.771549701690674,-3.127732753753662,-4.041357040405273,-4.865564346313477,-4.242269515991211,-5.212069511413574
32,61,preference,-3.166842222213745,-2.618673086166382,-3.8900146484375,-4.190402984619141,-3.4644603729248047,-5.775501251220703
33,189,preference,-1.85265052318573,-1.5797075033187866,-4.153976440429688,-6.85515022277832,-4.444425582885742,-8.22341537475586
34,36,instantiation,-4.099551200866699,-4.476717472076416,-3.494205474853516,-5.553431510925293,-3.480550765991211,-5.195981979370117
35,130,preference,-3.634818315505981,-3.008244752883911,-3.7671051025390634,-7.20494270324707,-3.82159423828125,-7.878497123718262
36,119,preference,-1.7193411588668823,-3.136899709701538,-4.532022476196289,-6.781923294067383,-4.268478393554688,-7.305429458618164
37,204,temporal,-1.6564295291900637,-1.6637704372406006,-3.5446548461914062,-6.041898727416992,-3.9638595581054688,-4.973289489746094
38,38,temporal,-2.28462553024292,-2.0683846473693848,-3.5617637634277344,-6.259784698486328,-3.7862586975097656,-5.905318260192871
39,138,preference,-1.9493166208267207,-2.745239496231079,-4.540309906005859,-6.632006645202637,-4.525568008422852,-7.416311264038086
40,93,preference,-2.0365889072418213,-3.0568971633911133,-4.050115585327148,-5.7831010818481445,-4.864522933959961,-3.8462867736816406
41,13,preference,-1.8230215311050413,-2.2785048484802246,-4.308591842651367,-3.35964584350586,-3.919126510620117,-4.800693511962891
42,15,instantiation,-2.97151255607605,-2.737494468688965,-3.455394744873047,-5.56999397277832,-3.4985427856445312,-5.605790138244629
43,140,preference,-1.817745566368103,-3.496403932571411,-4.377241134643555,-8.20903205871582,-5.108110427856445,-7.119307518005371
44,24,instantiation,-3.585566282272339,-3.606511831283569,-3.728982925415039,-5.622201919555664,-3.7311325073242183,-5.62563419342041
45,98,preference,-2.565172910690308,-2.34191632270813,-4.333061218261719,-6.222812652587891,-4.311418533325195,-6.928460121154785
46,166,temporal,-1.4262360334396362,-2.345633745193481,-5.126214981079102,-6.87612247467041,-5.451654434204102,-6.579843521118164
47,20,preference,-1.4510717391967771,-2.4206674098968506,-4.088357925415039,-7.59820556640625,-4.490964889526367,-7.130415916442871
48,57,preference,-2.047901391983032,-3.17681622505188,-4.610699653625488,-5.47507381439209,-4.224208831787109,-6.958110809326172
49,205,temporal,-1.4931426048278809,-2.992540121078491,-3.8803749084472656,-6.715143203735352,-4.205272674560547,-5.516029357910156
50,135,preference,-2.6145358085632324,-2.8395559787750244,-3.860506057739258,-6.046455383300781,-4.041633605957031,-6.227935791015625
51,68,temporal,-2.14233946800232,-3.3663806915283203,-4.360729217529297,-6.457024574279785,-4.073183059692383,-6.414813041687012
52,10,temporal,-1.5692791938781738,-2.897156953811645,-3.617155075073242,-6.233991622924805,-4.396053314208984,-6.841194152832031
53,55,preference,-2.567864418029785,-3.459907531738281,-4.141508102416992,-4.935460090637207,-3.994806289672852,-5.632701873779297
54,40,instantiation,-4.148695945739746,-3.310719966888428,-4.01087760925293,-5.6991376876831055,-3.584135055541992,-6.100394248962402
55,26,instantiation,-3.366670608520508,-4.362133026123047,-3.178102493286133,-5.565031051635742,-3.679189682006836,-4.69290828704834
56,154,preference,-3.453929901123047,-4.213245868682861,-3.419977188110352,-4.24659538269043,-4.038093566894531,-5.076623916625977
57,21,preference,-1.768652081489563,-2.362722635269165,-3.054431915283203,-6.979674339294434,-3.822141647338867,-5.705835342407227
58,31,preference,-2.4660682678222656,-2.874417304992676,-3.4298877716064453,-5.4482421875,-3.902057647705078,-5.996401786804199
59,110,preference,-1.8499101400375368,-1.9220362901687624,-4.911775588989258,-6.186125755310059,-4.6102705001831055,-7.697877883911133
60,104,preference,-2.426510810852051,-3.016364097595215,-3.56850814819336,-5.623169898986816,-3.868640899658203,-6.431254386901856
61,64,temporal,-1.7980064153671265,-1.8108888864517207,-3.915374755859375,-6.7093048095703125,-3.9737625122070312,-6.406133651733398
62,187,preference,-2.8653981685638428,-4.570621490478516,-3.9218616485595694,-6.054577827453613,-3.697099685668945,-6.629033088684082
63,9,instantiation,-3.610586881637573,-3.0343122482299805,-3.5983924865722656,-6.071234703063965,-3.1390037536621094,-5.362245559692383
64,34,instantiation,-3.344993829727173,-3.555240631103516,-4.154548645019531,-5.708281517028809,-3.711626052856445,-6.349607467651367
65,56,preference,-3.022595167160034,-2.8595752716064453,-4.156717300415039,-7.209865570068359,-5.082542419433594,-6.6219024658203125
66,151,preference,-2.2604622840881348,-2.264024257659912,-2.9817466735839844,-5.698175430297852,-3.6728343963623047,-5.979291915893555
67,150,preference,-2.9111547470092773,-3.4978244304656982,-4.361078262329102,-8.369025230407715,-4.453136444091797,-8.089832305908203
68,39,temporal,-2.650562524795532,-2.1664066314697266,-5.401559829711914,-6.4847259521484375,-4.483074188232422,-6.491508483886719
69,178,preference,-1.7220662832260132,-2.118277311325073,-4.762436866760254,-6.1851348876953125,-4.498445510864258,-6.501422882080078
70,89,preference,-1.837603211402893,-2.762939453125,-4.208066940307617,-6.4740400314331055,-3.7746715545654297,-6.688467025756836
71,83,preference,-3.725071907043457,-3.05671501159668,-4.411830902099609,-4.810303688049316,-4.346967697143555,-4.16767692565918
72,59,temporal,-2.212794065475464,-2.0419023036956787,-4.578912734985352,-5.099414825439453,-4.294578552246094,-6.238012313842773
73,25,instantiation,-3.250020265579224,-3.374809741973877,-3.198326110839844,-5.335573196411133,-3.575286865234375,-5.271185874938965
74,27,preference,-2.883744478225708,-4.893158912658691,-4.05914306640625,-6.521296501159668,-3.821104049682617,-7.355338096618652
75,78,preference,-1.900898814201355,-1.5438754558563232,-4.335102081298828,-6.641212463378906,-4.21104621887207,-7.967103004455566
76,17,instantiation,-3.140500783920288,-3.211627244949341,-3.683883666992188,-5.920702934265137,-3.637290954589844,-5.989652633666992
77,30,preference,-3.115603446960449,-3.5773887634277344,-4.479413986206055,-6.945342063903809,-4.755638122558594,-7.760751724243164
78,131,preference,-1.949782967567444,-3.624245643615722,-3.451942443847656,-7.412519454956055,-4.618122100830078,-5.42825984954834
79,126,temporal,-2.7190725803375244,-2.3082008361816406,-4.10264778137207,-5.571516036987305,-3.99995231628418,-6.020428657531738
80,121,temporal,-2.017859697341919,-2.7349698543548584,-5.148194313049316,-6.446578979492188,-4.92315673828125,-6.401750564575195
81,160,preference,-1.58425772190094,-2.504218339920044,-4.184228897094727,-7.215825080871582,-4.294525146484375,-6.927578926086426
82,10,instantiation,-4.270957946777344,-3.0609447956085205,-4.133251190185547,-5.943964004516602,-3.7114105224609375,-6.118547439575195
83,156,preference,-3.4039714336395264,-2.378682374954224,-4.478055953979492,-5.539300918579102,-4.603677749633789,-6.909689903259277
84,67,preference,-3.6624984741210938,-4.337390899658203,-3.3830718994140625,-5.899100303649902,-3.7150707244873047,-6.030003547668457
85,82,preference,-2.5577845573425293,-4.305917739868164,-3.579767227172852,-6.906284332275391,-4.3483428955078125,-4.843018531799316
86,16,instantiation,-3.120600700378418,-3.9738380908966064,-3.762237548828125,-6.193164825439453,-3.8284854888916016,-5.305736541748047
87,60,preference,-2.374717950820923,-2.812016725540161,-4.14775276184082,-7.115047454833984,-4.000125885009766,-7.228794097900391
88,23,instantiation,-3.176079273223877,-3.615357875823975,-3.717395782470703,-5.49638557434082,-4.108322143554688,-5.174978256225586
89,79,preference,-1.32659912109375,-1.671197772026062,-3.648895263671875,-6.787113189697266,-3.97553825378418,-6.543169975280762
90,106,preference,-1.5287352800369265,-1.990666389465332,-4.998573303222656,-5.528871536254883,-4.2335052490234375,-6.825173377990723
91,70,preference,-2.570124864578247,-3.497509241104126,-4.217164993286133,-6.582345962524414,-4.391151428222656,-6.679648399353027
92,101,temporal,-2.133559226989746,-2.430112361907959,-4.001615524291992,-6.189784049987793,-4.653072357177734,-6.350863456726074
93,10,preference,-2.9480106830596924,-3.8654160499572754,-3.8638992309570312,-7.090749740600586,-4.182849884033203,-7.107114791870117
94,153,temporal,-2.0393786430358887,-2.419149875640869,-4.170127868652344,-5.941730499267578,-4.669563293457031,-6.024423599243164
95,103,preference,-2.1619136333465576,-2.591396808624268,-4.169672012329102,-3.659370422363281,-4.548933029174805,-4.534069061279297
96,88,temporal,-1.886902332305908,-2.842325448989868,-4.324560165405273,-6.420806884765625,-4.28095817565918,-6.810061454772949
97,167,preference,-2.425407648086548,-2.726546287536621,-3.791187286376953,-6.537446975708008,-4.114042282104492,-7.216314315795898
98,7,instantiation,-2.721596002578736,-2.633864641189575,-3.8474388122558594,-4.906943321228027,-3.868074417114258,-4.832233428955078
99,86,preference,-2.41483473777771,-3.1160805225372314,-4.197900772094727,-7.134003639221191,-5.018590927124023,-5.671502113342285
100,116,preference,-3.6765682697296143,-2.739010095596313,-4.200458526611328,-7.569031715393066,-4.777667999267578,-7.485679626464844
101,155,preference,-2.3996331691741943,-3.8127055168151855,-3.971220016479492,-4.470649719238281,-4.336307525634766,-4.593757629394531
102,33,preference,-2.6895856857299805,-3.0821049213409424,-4.203105926513672,-3.890928268432617,-4.185880661010742,-4.748003959655762
103,134,temporal,-1.6481330394744873,-3.36287784576416,-4.441139221191406,-7.033290863037109,-4.640954971313477,-5.8073015213012695
104,79,temporal,-2.0921506881713867,-1.6304515600204468,-4.100830078125,-6.621433258056641,-4.253292083740234,-6.662237167358398
105,1,instantiation,-2.9402596950531006,-2.7196924686431885,-4.05119514465332,-4.348992347717285,-3.895448684692383,-4.448890686035156
106,71,preference,-2.2234623432159424,-2.3985066413879395,-3.5721263885498047,-4.836764335632324,-3.334766387939453,-6.17177677154541
107,99,temporal,-1.542151927947998,-1.5629470348358154,-4.488887786865234,-5.928760528564453,-3.809412002563477,-6.698089599609375
108,75,preference,-2.430370092391968,-3.176076412200928,-3.7102279663085938,-4.772459030151367,-3.5830039978027344,-5.198191642761231
109,17,preference,-2.68026065826416,-3.341292142868042,-3.592876434326172,-6.938117980957031,-3.69354248046875,-6.533132553100586
110,76,temporal,-2.024957656860352,-2.6050374507904053,-4.865053176879883,-6.735801696777344,-4.510644912719727,-5.829549789428711
111,101,preference,-2.7618439197540283,-2.854748487472534,-3.62667465209961,-5.354710578918457,-3.888343811035156,-5.498832702636719
112,69,preference,-1.4701449871063232,-1.5982815027236938,-4.034467697143555,-6.455690383911133,-4.214740753173828,-7.020155906677246
113,68,preference,-1.3012962341308594,-2.0045228004455566,-3.90205192565918,-6.474855422973633,-4.059471130371094,-6.413500785827637
114,179,preference,-1.9029375314712524,-2.0742857456207275,-4.588521957397461,-6.14284610748291,-4.738262176513672,-7.146289825439453
115,87,preference,-3.0804154872894287,-3.757890224456787,-3.536832809448242,-6.617464065551758,-3.839742660522461,-5.406171798706055
116,62,temporal,-1.854941964149475,-2.3506760597229004,-4.463579177856445,-5.422779083251953,-4.172412872314453,-6.353104591369629
117,109,preference,-1.5262442827224731,-1.8879142999649048,-4.303913116455078,-6.684049606323242,-4.332338333129883,-7.416378021240234
118,34,preference,-3.538594007492065,-4.353265762329102,-3.613357543945313,-5.96165657043457,-4.147789001464844,-6.384178161621094
119,11,instantiation,-3.309157371520996,-3.1213409900665283,-4.135309219360352,-5.724897384643555,-4.148857116699219,-5.376297950744629
120,134,preference,-2.62601375579834,-2.7227532863616943,-3.6215782165527344,-6.253177642822266,-3.9657115936279297,-6.848955154418945
121,188,preference,-2.2521731853485107,-3.2448902130126958,-4.036502838134766,-7.274100303649902,-4.764204978942871,-6.201786994934082
122,16,preference,-1.3017023801803589,-2.775770664215088,-3.9224815368652335,-6.869438171386719,-4.610153198242188,-5.5632171630859375
123,181,preference,-2.202644824981689,-2.3452274799346924,-3.449483871459961,-6.721770286560059,-4.3457794189453125,-5.554797172546387
124,58,preference,-1.214231252670288,-1.4532673358917236,-3.7640609741210938,-6.479517936706543,-4.108135223388672,-6.929039001464844
125,72,preference,-2.8293628692626958,-4.5456647872924805,-3.146644592285156,-5.828716278076172,-3.828573226928711,-5.164478302001953
126,184,preference,-2.490151882171631,-2.8665695190429688,-3.647602081298828,-5.821208953857422,-4.2281341552734375,-6.832483291625977
127,182,preference,-2.715787410736084,-3.618709564208984,-3.885761260986328,-7.065568923950195,-4.097389221191406,-6.940825462341309
128,151,temporal,-1.8259751796722408,-2.936853408813477,-3.9050235748291016,-6.043323516845703,-3.989578247070313,-5.741227149963379
129,142,preference,-2.6749398708343506,-3.47253680229187,-3.7159156799316406,-7.051712989807129,-3.561155319213867,-7.161527633666992
130,157,preference,-2.009971141815185,-2.762603044509888,-4.375518798828125,-5.776288032531738,-4.0139923095703125,-6.318630218505859
131,193,temporal,-1.6511212587356567,-2.2296504974365234,-5.426336288452148,-6.374217033386231,-4.90234375,-6.725258827209473
132,44,preference,-3.4625160694122314,-3.3408043384552,-3.379741668701172,-4.925305366516113,-3.345460891723633,-5.8618879318237305
133,12,instantiation,-2.99355149269104,-2.639782190322876,-3.676191329956055,-5.589608192443848,-3.567605972290039,-5.450051307678223
134,91,preference,-3.706167221069336,-2.8399980068206787,-4.077964782714844,-4.834885597229004,-3.632383346557617,-5.550253868103027
135,126,preference,-1.9249212741851809,-2.5705759525299072,-3.72282600402832,-6.965471267700195,-4.555807113647461,-5.256518363952637
136,22,instantiation,-3.1629412174224854,-2.9472014904022217,-3.352457046508789,-5.7126007080078125,-3.559389114379883,-6.253483772277832
137,115,preference,-2.3115596771240234,-3.023246049880981,-4.025775909423828,-5.45616626739502,-3.70817756652832,-5.845197677612305
138,28,preference,-1.7346376180648804,-3.512211799621582,-4.173053741455078,-7.67591667175293,-4.702056884765625,-5.872104644775391
139,22,preference,-2.814720630645752,-3.0656418800354004,-3.6527271270751953,-6.167901992797852,-3.7715816497802734,-6.698295593261719
140,71,temporal,-1.570164442062378,-2.5201728343963623,-4.435152053833008,-6.675257682800293,-4.516134262084961,-5.760234832763672
141,84,preference,-2.4742653369903564,-2.8194305896759038,-3.764293670654297,-5.819169044494629,-3.841630935668945,-5.888708114624023
142,169,preference,-0.9962306022644044,-1.761508822441101,-4.080743789672852,-7.229671478271484,-4.310522079467773,-8.073945045471191
143,45,preference,-2.798737049102783,-3.2762253284454346,-3.562828063964844,-5.672035217285156,-3.568910598754883,-5.950936317443848
144,54,preference,-3.912001371383667,-3.4347622394561768,-4.122720718383789,-4.001659393310547,-3.882844924926758,-5.605576515197754
145,48,preference,-1.6770159006118774,-2.791925430297852,-3.5823841094970703,-6.659703254699707,-3.6887435913085938,-5.542499542236328
146,9,temporal,-1.593005657196045,-2.235884666442871,-3.99946403503418,-4.578788757324219,-3.5709095001220703,-7.136622428894043
147,123,preference,-2.0605547428131104,-2.4263696670532227,-3.456506729125977,-5.287331581115723,-4.158477783203125,-4.594948768615723
148,171,temporal,-2.3283586502075195,-1.969835877418518,-3.954143524169922,-5.644015312194824,-3.3849964141845703,-6.045479774475098
149,107,preference,-2.0093281269073486,-3.3126392364501958,-4.18543815612793,-6.746400833129883,-3.907350540161133,-6.61754322052002
150,49,preference,-1.4807740449905396,-1.6854362487792969,-4.154870986938477,-6.55384635925293,-3.798809051513672,-7.816023826599121
151,144,preference,-2.7502098083496094,-2.846545457839966,-3.71915054321289,-7.246888160705566,-4.013372421264648,-6.291337966918945
152,100,preference,-2.660426616668701,-4.555410385131836,-4.247255325317383,-7.985486030578613,-4.199985504150391,-6.81398868560791
153,148,preference,-1.972711205482483,-3.354858160018921,-4.123874664306641,-7.231598854064941,-4.235637664794922,-7.040979385375977
154,29,preference,-1.474465250968933,-2.188302993774414,-4.186273574829102,-7.853919982910156,-4.728277206420898,-6.621426582336426
155,113,preference,-2.738555192947388,-4.127686023712158,-3.719331741333008,-5.4835615158081055,-4.644733428955078,-5.646394729614258
156,117,temporal,-2.362912178039551,-1.6509939432144165,-5.611339569091797,-6.701193809509277,-4.760096549987793,-6.452051162719727
157,128,preference,-1.9756890535354612,-2.1795103549957275,-4.464719772338867,-7.000303268432617,-4.179920196533203,-7.72159481048584
158,14,instantiation,-3.3845455646514893,-3.222525119781494,-4.127199172973633,-6.26307487487793,-3.962413787841797,-6.122784614562988
159,152,preference,-2.987028121948242,-3.812399387359619,-3.427650451660156,-6.698751449584961,-4.135444641113281,-5.6460065841674805
160,8,instantiation,-3.5103232860565186,-3.5955395698547363,-3.4763412475585938,-5.916396141052246,-3.369701385498047,-4.648653984069824
161,59,preference,-0.7654334306716919,-1.1902225017547607,-3.963294982910156,-6.786186218261719,-3.973546981811523,-6.680203437805176
162,18,instantiation,-3.301419496536255,-3.63791298866272,-3.4746971130371094,-6.356369018554688,-3.380033493041992,-5.027799606323242
163,70,temporal,-2.152244806289673,-1.9958951473236084,-3.881580352783203,-5.778557777404785,-3.933635711669922,-6.121425628662109
164,172,preference,-2.822193384170532,-2.9909791946411133,-3.344808578491211,-5.416910171508789,-3.958772659301758,-5.718244552612305
165,158,preference,-2.4585750102996826,-3.319740056991577,-3.947145462036133,-5.631440162658691,-4.294467926025391,-6.847929000854492
166,46,preference,-1.3175126314163208,-2.766696691513061,-3.691394805908203,-6.601154327392578,-4.307365417480469,-5.104637145996094
167,43,preference,-1.8849735260009768,-2.4195401668548584,-3.979103088378906,-4.213420867919922,-4.429950714111328,-4.715930938720703
168,12,temporal,-1.5318689346313477,-2.61269760131836,-4.11400032043457,-6.211345672607422,-4.134757995605469,-5.396584510803223
169,89,temporal,-2.0164618492126465,-1.9930981397628784,-4.619489669799805,-5.573957443237305,-3.984914779663086,-6.886634826660156
170,4,instantiation,-3.3902482986450195,-3.055389881134033,-4.171730041503906,-6.079431533813477,-4.008039474487305,-5.949981689453125
171,122,preference,-2.8822836875915527,-4.471899509429932,-3.465030670166016,-6.720129013061523,-4.272853851318359,-5.499499320983887
172,145,preference,-2.7660419940948486,-2.95176362991333,-3.742656707763672,-6.520983695983887,-3.871669769287109,-5.958977699279785
173,30,instantiation,-4.478370666503906,-3.449503898620605,-3.527450561523437,-5.588323593139648,-3.5887279510498047,-5.934142112731934
174,52,temporal,-1.3250646591186523,-1.4114662408828735,-3.0070667266845703,-6.441421508789063,-4.085369110107422,-5.058631896972656
175,41,preference,-1.7246379852294922,-2.487597703933716,-3.4481372833251958,-5.77812385559082,-4.025123596191406,-4.662326812744141
176,108,preference,-1.6103216409683228,-2.404379367828369,-4.700801849365234,-6.342550277709961,-4.484851837158203,-7.252580642700195
177,107,temporal,-1.492956280708313,-2.5121514797210693,-4.3375396728515625,-6.33311939239502,-4.576951026916504,-6.45259952545166
178,186,preference,-2.6416475772857666,-2.762408494949341,-4.461219787597656,-6.039628028869629,-4.772196769714356,-7.343878746032715
179,15,preference,-2.8638782501220703,-4.795814514160156,-3.414804458618164,-4.292534828186035,-4.172794342041016,-4.16252326965332
180,168,preference,-1.587294578552246,-3.3899099826812744,-3.861381530761719,-7.821236610412598,-4.344894409179688,-5.842190742492676
181,177,preference,-2.272272109985352,-2.5915544033050537,-4.592392921447754,-5.896347999572754,-4.292505264282227,-6.538945198059082
182,171,preference,-1.849265933036804,-3.358499526977539,-3.990926742553711,-4.223442077636719,-4.541896820068359,-5.3007659912109375
183,43,temporal,-2.012822151184082,-3.029049634933472,-3.646482467651367,-4.839471817016602,-3.4133758544921875,-5.788168907165527
184,118,preference,-1.6488357782363892,-1.895056128501892,-4.895587921142578,-6.928548812866211,-4.644109725952148,-7.935409545898437
185,9,preference,-0.8415514230728149,-1.128523826599121,-3.5087623596191406,-6.698553085327148,-3.5327205657958984,-6.711626052856445
186,2,preference,-3.144237518310547,-4.6419525146484375,-3.4242382049560547,-5.429924964904785,-4.14128303527832,-5.155458450317383
187,40,preference,-3.104663848876953,-2.38454008102417,-4.164283752441406,-6.56798267364502,-4.4528350830078125,-7.5659332275390625
188,14,preference,-1.9207442998886108,-3.444951295852661,-3.380859375,-5.955760002136231,-4.034927368164063,-4.871325492858887
189,37,preference,-4.094854831695557,-4.56326961517334,-3.766931533813477,-5.585190773010254,-3.767171859741211,-6.385964393615723
190,92,preference,-2.6012556552886963,-2.84645676612854,-3.5461578369140625,-6.106883049011231,-3.619619369506836,-6.295933723449707
191,161,preference,-1.8961864709854128,-2.6032001972198486,-3.499805450439453,-5.32951545715332,-3.499980926513672,-6.600208282470703
192,25,temporal,-1.7657195329666138,-2.300936698913574,-4.41064453125,-4.442794799804688,-3.569910049438477,-6.601941108703613
193,27,instantiation,-3.4478871822357178,-3.3382394313812256,-3.25361442565918,-5.583425521850586,-3.4505653381347656,-5.156609535217285
194,153,preference,-4.164875030517578,-3.3827993869781494,-3.646930694580078,-4.98705005645752,-3.9692306518554688,-4.649913787841797
195,66,preference,-2.5422918796539307,-2.4139163494110107,-3.496927261352539,-6.324592590332031,-4.087760925292969,-6.610509872436523
196,105,preference,-2.321035385131836,-3.047060251235962,-4.023899078369141,-4.840671539306641,-3.6972522735595694,-5.2602128982543945
197,221,temporal,-2.099198579788208,-3.1732959747314453,-4.148609161376953,-6.083868980407715,-4.643726348876953,-6.085174560546875
198,159,preference,-1.4477109909057615,-2.210798978805542,-4.13319206237793,-5.441061019897461,-4.388898849487305,-5.77271842956543
199,6,temporal,-1.6940672397613523,-2.4721717834472656,-4.811816215515137,-4.212690353393555,-3.758743286132813,-5.746174812316895
200,94,preference,-2.457082271575928,-2.9175612926483154,-4.121072769165039,-6.883944511413574,-4.144853591918945,-6.335524559020996
201,39,instantiation,-3.606431007385254,-3.611881256103516,-4.054367065429688,-6.562575340270996,-3.669113159179688,-6.144204139709473
202,166,preference,-2.3266680240631104,-2.5898447036743164,-4.343563079833984,-7.670337677001953,-4.748140335083008,-6.663433074951172
203,139,temporal,-1.6507197618484497,-1.700883865356445,-3.952428817749024,-6.2576189041137695,-4.258211135864258,-5.42744255065918
204,108,temporal,-2.0942702293396,-1.4102058410644531,-4.049156188964844,-6.850779533386231,-3.251619338989258,-7.856169700622559
205,38,preference,-3.221330404281616,-2.6589934825897217,-4.058099746704102,-6.55781364440918,-4.408323287963867,-6.630173683166504
206,13,instantiation,-2.8947339057922363,-3.476567268371582,-3.654895782470703,-5.726618766784668,-3.664823532104492,-5.035857200622559
207,176,preference,-1.3388392925262451,-1.8815689086914065,-4.51793098449707,-5.742613792419434,-4.265640258789063,-5.787240028381348
208,33,temporal,-1.9566885232925413,-2.285421848297119,-3.482734680175781,-5.775514602661133,-2.6582489013671875,-5.425638198852539
209,174,preference,-2.9586098194122314,-3.5011377334594727,-3.798168182373047,-4.460247039794922,-4.008172988891602,-5.605924606323242
210,18,preference,-1.992060661315918,-1.6844120025634766,-4.375284194946289,-6.68949031829834,-4.071208953857422,-7.305275917053223
211,88,preference,-2.5468146800994877,-2.2417397499084477,-3.9509048461914062,-6.660776138305664,-4.309673309326172,-5.941621780395508
212,62,preference,-3.078493356704712,-4.50253963470459,-3.3903980255126958,-4.97872257232666,-3.946605682373047,-5.553280830383301
213,127,preference,-2.3531763553619385,-2.4447579383850098,-3.877279281616211,-5.947149276733398,-3.4513607025146484,-6.942580223083496
214,6,instantiation,-2.564706563949585,-3.4287776947021484,-3.7234058380126953,-4.859926223754883,-4.060813903808594,-4.180118560791016
215,198,temporal,-1.6123875379562378,-2.377620220184326,-4.362651824951172,-6.976666450500488,-4.36161994934082,-6.588472366333008
216,31,instantiation,-3.030618190765381,-2.7678422927856445,-3.853595733642578,-5.255010604858398,-3.64057731628418,-6.082427024841309
217,21,instantiation,-3.1583855152130127,-2.845729112625122,-3.578828811645508,-5.308489799499512,-3.7060813903808594,-5.3594255447387695
218,36,preference,-2.724712610244751,-3.264918088912964,-4.202949523925781,-5.953186988830566,-4.504791259765625,-6.356662750244141
219,50,preference,-1.5604945421218872,-3.0323173999786377,-3.9297008514404297,-7.108659744262695,-3.854114532470703,-6.141973495483398
220,90,preference,-2.7320492267608643,-3.954129457473755,-4.087650299072266,-6.182125091552734,-3.964475631713867,-6.875911712646484
221,32,instantiation,-2.979252815246582,-2.74015474319458,-3.8239612579345694,-5.703690528869629,-3.47890853881836,-6.49395751953125
222,103,temporal,-1.307693362236023,-2.165343761444092,-4.0770416259765625,-6.534090042114258,-3.652446746826172,-6.686095237731934
223,28,instantiation,-4.473297119140625,-3.720378160476685,-3.67315673828125,-6.904820442199707,-3.430948257446289,-5.418634414672852
224,5,instantiation,-2.767592191696167,-2.5669636726379395,-3.5612735748291016,-4.334332466125488,-3.906932830810547,-4.1010284423828125
225,95,preference,-2.224369764328003,-2.594365358352661,-3.843751907348633,-5.826786994934082,-4.070869445800781,-5.2998456954956055
226,175,preference,-2.1722800731658936,-2.665261030197144,-4.087678909301758,-4.719921112060547,-3.909658432006836,-5.046022415161133
227,99,preference,-0.8840433359146118,-1.9740768671035769,-4.2537841796875,-7.620991706848144,-4.451936721801758,-6.421467781066895
228,162,preference,-2.565516233444214,-4.311464309692383,-3.719034194946289,-6.034289360046387,-4.120418548583984,-6.490262031555176
229,74,preference,-1.7829018831253052,-2.550886869430542,-3.417400360107422,-6.094525337219238,-3.81682014465332,-5.727195739746094
230,164,preference,-2.5616021156311035,-2.7336108684539795,-3.393487930297852,-6.793252944946289,-3.931913375854492,-6.249393463134766
231,149,preference,-1.0697282552719116,-2.4106011390686035,-4.136859893798828,-7.721858978271484,-4.379571914672852,-7.605099678039551
232,180,preference,-2.506963968276977,-3.508760929107666,-4.484200477600098,-6.360815048217773,-4.925836563110352,-7.718550682067871
233,114,temporal,-2.08697247505188,-1.566145420074463,-4.032514572143555,-5.8857622146606445,-4.316230773925781,-6.28087329864502
234,3,preference,-2.4639322757720947,-3.713116407394409,-3.456607818603516,-4.656459808349609,-4.153032302856445,-4.639837265014648
235,121,preference,-3.088459253311157,-2.378242492675781,-3.887176513671875,-4.515764236450195,-3.5778579711914062,-6.106529235839844
236,90,temporal,-1.5581459999084473,-3.2521626949310303,-3.920141220092773,-5.554349899291992,-3.8300704956054688,-6.805794715881348
237,47,preference,-3.434796094894409,-2.5285990238189697,-3.395803451538086,-5.901217460632324,-3.668998718261719,-7.134820938110352
238,111,preference,-1.872040152549744,-2.614053010940552,-4.288312911987305,-4.983007431030273,-4.259250640869141,-5.8444414138793945
239,24,preference,-2.4854166507720947,-4.2529730796813965,-3.4318294525146484,-6.577162742614746,-4.29643440246582,-5.344198226928711
240,29,instantiation,-3.839500904083252,-3.404981851577759,-3.7155933380126953,-6.554689407348633,-3.398130416870117,-5.9289093017578125
241,114,preference,-4.437983989715576,-3.395345449447632,-4.064292907714844,-5.684097290039063,-4.1893157958984375,-5.929229736328125
242,37,instantiation,-3.4692940711975098,-3.667518138885498,-3.8499698638916016,-5.632672309875488,-3.604124069213867,-5.458742141723633
243,148,temporal,-1.8601765632629397,-2.5954103469848637,-5.241609573364258,-5.971900939941406,-4.5913286209106445,-5.260202407836914
244,63,preference,-2.8795573711395264,-3.5220015048980717,-4.259845733642578,-4.847816467285156,-4.372198104858398,-4.508382797241211
245,139,preference,-0.992073893547058,-2.3417165279388428,-4.387088775634766,-7.988310813903809,-4.611028671264648,-6.718195915222168
246,52,preference,-2.051421880722046,-2.462726831436157,-4.142404556274414,-4.140874862670898,-3.695156097412109,-5.978315353393555
247,51,temporal,-1.6821842193603516,-2.2880306243896484,-4.996195793151856,-4.760542869567871,-4.023305892944336,-5.45651912689209
248,147,temporal,-1.7004836797714231,-2.2863986492156982,-4.348236083984375,-6.778862953186035,-4.441188812255859,-6.239930152893066
249,183,preference,-2.3514387607574463,-3.0155575275421143,-3.919017791748047,-4.761704444885254,-4.526236534118652,-4.331716537475586
250,86,temporal,-1.4190627336502075,-2.24600887298584,-3.5311508178710938,-6.799362182617188,-3.693553924560547,-6.070001602172852
251,39,preference,-1.5126845836639404,-1.0630462169647217,-3.9672794342041016,-6.615882873535156,-4.258543014526367,-7.747316360473633
252,35,preference,-2.9859139919281006,-4.666427612304688,-3.545886993408203,-4.994439125061035,-4.249231338500977,-4.790660858154297
253,190,preference,-3.3891818523406982,-3.747075319290161,-4.372631072998047,-7.24478816986084,-4.674504280090332,-7.223663330078125
254,163,preference,-2.38826584815979,-3.1670377254486084,-3.6574840545654297,-5.138006210327148,-3.997514724731445,-4.588034629821777
255,19,preference,-1.244483470916748,-1.3002846240997314,-4.009105682373047,-6.754505157470703,-4.182573318481445,-8.2952299118042
256,102,temporal,-1.9933770895004272,-3.5150957107543945,-3.793712615966797,-6.127096176147461,-4.140176773071289,-5.906380653381348
257,143,preference,-2.6326329708099365,-4.04039478302002,-3.4246768951416016,-5.631484031677246,-4.041496276855469,-5.54156494140625
258,80,temporal,-1.1297558546066284,-1.808193325996399,-4.1075592041015625,-6.902568817138672,-4.216711044311523,-7.247288703918457
259,12,preference,-3.3146445751190186,-2.754319190979004,-3.922672271728516,-4.940029144287109,-3.4955615997314453,-6.650331497192383
260,183,temporal,-2.037957191467285,-3.070053100585937,-4.452104568481445,-6.73490047454834,-4.402772903442383,-6.06852912902832
261,42,preference,-2.9626898765563965,-4.465744495391846,-3.412729263305664,-4.382959365844727,-3.5678787231445312,-6.2351837158203125
262,165,preference,-4.384082317352295,-3.8343875408172607,-3.687925338745117,-5.7306413650512695,-3.561466217041016,-5.544466018676758
263,81,preference,-1.9712752103805544,-2.161555528640747,-3.151573181152344,-5.154088020324707,-3.316446304321289,-5.421234130859375
264,51,preference,-2.4745938777923584,-4.000563144683838,-3.235797882080078,-5.791119575500488,-4.6129150390625,-4.995145797729492
265,185,preference,-4.681549072265625,-3.9338150024414062,-4.513240814208984,-5.349092483520508,-4.091205596923828,-5.5872650146484375
266,117,preference,-3.4111268520355225,-5.2810587882995605,-4.003822326660156,-5.995020866394043,-4.039913177490234,-6.729196548461914
267,25,preference,-2.690330743789673,-3.399855136871338,-3.382772445678711,-5.085687637329102,-3.696920394897461,-5.319967269897461
268,73,preference,-2.073356866836548,-3.4798290729522705,-4.053434371948242,-3.649200439453125,-4.626770973205566,-4.743578910827637
269,67,temporal,-1.4759587049484253,-2.694685459136963,-4.340414047241211,-7.371671676635742,-4.746288299560547,-6.666297912597656
270,97,preference,-3.217876434326172,-3.750368595123291,-3.8178749084472656,-6.755724906921387,-4.073030471801758,-5.639179229736328
271,4,preference,-2.947279691696167,-2.838604688644409,-3.3242130279541016,-5.026914596557617,-3.954925537109375,-6.429225921630859
272,125,preference,-2.7607531547546387,-3.093700885772705,-3.557750701904297,-4.943326950073242,-3.758310317993164,-4.34703254699707
273,132,preference,-2.83147406578064,-3.275404453277588,-4.079353332519531,-5.994677543640137,-3.9661941528320312,-7.131069183349609
274,146,preference,-1.5589443445205688,-2.952399969100952,-4.334369659423828,-8.048873901367188,-4.524660110473633,-6.540122985839844
275,72,temporal,-1.3721469640731812,-2.480930805206299,-4.393158912658691,-7.130576133728027,-5.078152656555176,-6.4510698318481445
276,7,preference,-3.196707963943481,-3.1037700176239014,-3.637771606445313,-5.213391304016113,-3.768133163452149,-6.247193336486816
277,225,temporal,-2.2267134189605717,-2.4599530696868896,-3.7757320404052734,-6.366946220397949,-4.195219039916992,-6.009609222412109
278,11,preference,-2.002293825149536,-2.026113986968994,-3.2491912841796875,-4.392935752868652,-3.498392105102539,-5.702898025512695
279,31,temporal,-1.7541290521621704,-2.361375331878662,-4.144601821899414,-5.851495742797852,-3.6896896362304688,-6.356539726257324
280,149,temporal,-1.5166161060333252,-2.2561190128326416,-5.712884902954102,-6.411200523376465,-5.692169189453125,-6.139404296875
281,112,preference,-1.93625807762146,-2.489125490188598,-3.8131275177001953,-5.911880493164063,-3.746988296508789,-6.711353302001953
282,154,temporal,-1.4733474254608154,-2.2284772396087646,-5.0677995681762695,-6.22243595123291,-4.9420976638793945,-6.236814498901367
283,22,temporal,-2.1355791091918945,-2.985762357711792,-4.147636413574219,-4.486799240112305,-3.6634368896484375,-5.612461090087891
284,96,temporal,-1.708024263381958,-1.6609623432159424,-4.403303146362305,-4.488241195678711,-4.149698257446289,-5.878566741943359
285,170,temporal,-1.43970787525177,-2.749319076538086,-3.8824691772460938,-7.279195785522461,-4.218402862548828,-6.397570610046387
286,146,temporal,-1.6610897779464722,-2.0835556983947754,-4.484704971313477,-6.2264556884765625,-4.57319450378418,-5.543972969055176
287,102,preference,-2.286879539489746,-2.738762378692627,-3.1862659454345703,-5.638954162597656,-3.466127395629883,-5.883092880249023
288,19,temporal,-2.1659553050994877,-1.439714431762695,-3.583232879638672,-6.27198600769043,-3.1480674743652344,-6.531292915344238
289,8,temporal,-1.3288893699645996,-2.019134998321533,-3.377521514892578,-5.818726539611816,-3.440248489379883,-5.745846748352051
290,64,preference,-3.1814022064208984,-3.328210830688477,-3.372934341430664,-5.334551811218262,-3.786840438842773,-6.177294731140137
291,173,preference,-2.111618757247925,-3.376133918762207,-3.71993637084961,-4.260305404663086,-4.823068618774414,-4.396360397338867
292,141,temporal,-2.3913869857788086,-1.5743831396102903,-4.03904914855957,-6.033914566040039,-3.5493831634521484,-6.14671516418457
293,141,preference,-3.287794828414917,-2.850616693496704,-3.6760292053222656,-5.393534660339356,-3.461017608642578,-6.415160179138184
294,33,instantiation,-2.9582693576812744,-3.380841016769409,-4.015739440917969,-5.730379104614258,-3.8326244354248047,-5.972820281982422
295,55,temporal,-1.7725927829742432,-2.40043306350708,-5.052599906921387,-4.078832626342773,-3.792135238647461,-5.248278617858887
296,5,preference,-2.4652352333068848,-2.7579455375671387,-3.969135284423828,-3.787269592285156,-3.837350845336914,-4.0365142822265625
297,211,temporal,-1.632913589477539,-2.190435647964477,-4.542072296142578,-6.767395973205566,-3.98968505859375,-6.781536102294922
298,20,instantiation,-4.389313697814941,-3.279807806015014,-4.157428741455078,-6.154928207397461,-3.9500808715820312,-6.111063957214356
299,26,temporal,-1.831442713737488,-2.401086568832397,-3.447895050048828,-6.262252807617188,-3.546642303466797,-5.671938896179199
300,169,temporal,-1.7292261123657229,-2.6870663166046143,-5.184678077697754,-6.858985900878906,-4.8703203201293945,-5.688227653503418
301,214,temporal,-1.6529271602630615,-1.7917485237121582,-4.181564331054688,-6.414577484130859,-4.490434646606445,-5.464279174804688
302,220,temporal,-1.8505494594573972,-1.676496982574463,-5.701167106628418,-6.967905044555664,-5.673357009887695,-6.3097429275512695
303,18,temporal,-1.5767451524734497,-2.2694826126098637,-4.036178588867188,-6.963213920593262,-3.9579086303710938,-6.542652130126953
304,111,temporal,-2.2387571334838867,-2.720907688140869,-5.129246711730957,-6.298990249633789,-4.45911979675293,-6.1144561767578125
305,57,temporal,-1.6841871738433838,-2.487292051315308,-4.40431022644043,-4.808773994445801,-3.763591766357422,-5.678357124328613
306,182,temporal,-2.776530265808105,-2.3081440925598145,-5.2694501876831055,-6.493535041809082,-4.368162155151367,-6.228054046630859
307,131,temporal,-1.614627718925476,-2.0990028381347656,-5.352575302124023,-6.631898880004883,-4.989999771118164,-6.749136924743652
308,175,temporal,-2.1105220317840576,-3.1187291145324707,-3.864309310913086,-5.45900821685791,-3.539337158203125,-5.084973335266113
309,84,temporal,-1.845535397529602,-2.839420318603516,-3.950746536254883,-6.698722839355469,-4.820605278015137,-6.711524963378906
310,48,temporal,-2.111057996749878,-2.22090220451355,-3.8855934143066406,-5.031681060791016,-3.82828140258789,-6.026068687438965
311,60,temporal,-1.2875962257385254,-2.084150791168213,-4.504297256469727,-5.655637741088867,-4.23954963684082,-6.733575820922852
312,3,temporal,-2.2553272247314453,-1.894198536872864,-4.316017150878906,-4.715036392211914,-3.681812286376953,-6.583588600158691
313,46,temporal,-2.693314790725708,-2.408799171447754,-3.5298938751220703,-5.714323997497559,-3.0444774627685547,-5.244878768920898
314,172,temporal,-1.473177433013916,-2.381182909011841,-4.023969650268555,-6.046839714050293,-4.131654739379883,-6.609865188598633
315,184,temporal,-1.6304314136505127,-2.720398426055908,-4.341474533081055,-6.956181526184082,-4.654071807861328,-6.306504249572754
316,104,temporal,-1.6927913427352903,-2.25221848487854,-4.379079818725586,-5.741512298583984,-4.157634735107422,-6.395153999328613
317,226,temporal,-2.54404354095459,-3.1890835762023926,-4.565288543701172,-5.7645368576049805,-3.989574432373047,-5.251405715942383
318,161,temporal,-2.0083627700805664,-1.602532982826233,-3.629596710205078,-6.647431373596191,-3.697799682617188,-6.340648651123047
319,119,temporal,-1.9559297561645508,-1.708122968673706,-4.163425445556641,-6.329621315002441,-4.174196243286133,-5.91356372833252
320,203,temporal,-1.637071967124939,-2.1498918533325195,-4.147430419921875,-6.05821418762207,-3.717357635498047,-5.991333961486816
321,195,temporal,-1.9808521270751955,-1.6512351036071775,-3.8261680603027344,-6.151442527770996,-4.063446044921875,-6.151669502258301
322,83,temporal,-1.9761115312576292,-3.262901306152344,-4.112590789794922,-5.647555351257324,-3.9891433715820312,-5.375446319580078
323,78,temporal,-1.520967960357666,-2.111417055130005,-5.005956649780273,-6.792919158935547,-4.927790641784668,-6.475787162780762
324,127,temporal,-1.9284106492996216,-2.872305393218994,-4.5019378662109375,-6.584665298461914,-4.390104293823242,-5.709506034851074
325,208,temporal,-1.5992919206619265,-2.21470046043396,-4.063274383544922,-6.268857955932617,-4.278371810913086,-5.075042724609375
326,36,temporal,-1.864773511886597,-1.943105697631836,-3.6589412689208975,-6.383792877197266,-3.65688705444336,-5.853245735168457
327,164,temporal,-1.7002460956573486,-1.553713083267212,-3.470417022705078,-6.482576370239258,-4.424070358276367,-5.778256416320801
328,180,temporal,-2.081482172012329,-2.073890447616577,-5.020269393920898,-5.3106231689453125,-4.252294540405273,-5.296075820922852
329,116,temporal,-1.4494634866714478,-2.287299871444702,-4.24578857421875,-6.641691207885742,-4.616695404052734,-6.042460441589356
330,105,temporal,-1.9344286918640137,-2.612987995147705,-4.974428176879883,-5.322473526000977,-4.021879196166992,-5.723956108093262
331,87,temporal,-2.1273813247680664,-2.2714297771453857,-3.6341724395751953,-5.849643707275391,-5.341550827026367,-5.3726806640625
332,156,temporal,-1.6683138608932495,-1.9050438404083248,-3.686578750610352,-4.56021785736084,-3.786500930786133,-5.129489898681641
333,194,temporal,-1.923421859741211,-3.072251558303833,-4.350763320922852,-6.688931465148926,-4.240789413452148,-6.145184516906738
334,137,temporal,-1.6496894359588623,-2.113564968109131,-4.27009391784668,-6.648839950561523,-3.94171142578125,-6.620970726013184
335,94,temporal,-1.670052170753479,-1.7526036500930786,-3.886510848999024,-5.778550148010254,-3.4982986450195312,-6.630657196044922
336,95,temporal,-1.2218871116638184,-1.4666134119033811,-4.43305778503418,-4.910467147827148,-3.6422348022460938,-6.79888916015625
337,16,temporal,-1.4174823760986328,-2.327038049697876,-5.207634925842285,-6.553177833557129,-5.170387268066406,-5.740016937255859
338,165,temporal,-1.2015433311462402,-2.1377100944519043,-3.9646263122558594,-7.093631744384766,-4.398597717285156,-6.812015533447266
339,47,temporal,-2.239952087402344,-3.099176406860352,-4.11406135559082,-5.905765533447266,-4.208158493041992,-5.202901840209961
340,115,temporal,-2.0632152557373047,-2.429484367370605,-4.785911560058594,-6.118320465087891,-4.270118713378906,-6.39256763458252
341,66,temporal,-1.4062918424606323,-2.4184906482696533,-4.224399566650391,-7.112052917480469,-4.457359313964844,-6.145951271057129
342,109,temporal,-2.351015329360962,-2.046293020248413,-5.268866539001465,-5.841325759887695,-3.919712066650391,-6.305084228515625
343,181,temporal,-1.8789845705032349,-2.565842390060425,-4.591245651245117,-6.662291526794434,-4.770191192626953,-6.086830139160156
344,222,temporal,-2.4156970977783203,-2.484739303588867,-4.422152519226074,-6.664108276367188,-4.416799545288086,-6.0298261642456055
345,44,temporal,-1.537882924079895,-1.58403217792511,-4.214448928833008,-4.011508941650391,-3.885826110839844,-6.54719352722168
346,142,temporal,-1.6001269817352295,-1.5396543741226196,-3.849224090576172,-6.08615779876709,-4.181570053100586,-5.300022125244141
347,152,temporal,-1.7184770107269287,-1.6355938911437988,-4.637863159179688,-6.376946449279785,-4.11152458190918,-6.137020111083984
348,187,temporal,-1.8916581869125368,-3.7595250606536874,-4.567165374755859,-7.361773490905762,-4.566642761230469,-6.435739517211914
349,49,temporal,-1.769033908843994,-2.7950406074523926,-3.5919761657714844,-6.370327949523926,-4.030132293701172,-5.511153221130371
350,224,temporal,-1.641270875930786,-2.8716299533843994,-4.223119735717773,-6.850288391113281,-4.623161315917969,-6.109991073608398
351,201,temporal,-2.034266471862793,-2.454653739929199,-4.175691604614258,-6.102506637573242,-3.723535537719727,-5.778020858764648
352,144,temporal,-2.282749652862549,-1.6871782541275024,-5.802492141723633,-6.70860481262207,-5.2475786209106445,-6.255373001098633
353,135,temporal,-1.6564552783966064,-2.3459339141845703,-4.324657440185547,-7.150717735290527,-4.367610931396484,-6.503713607788086
354,200,temporal,-1.857839107513428,-2.160908937454224,-4.207256317138672,-6.254342079162598,-3.9406986236572266,-6.167083740234375
355,7,temporal,-2.127821683883667,-1.951266169548035,-4.022058486938477,-5.236344337463379,-3.573345184326172,-6.836338043212891
356,100,temporal,-1.827093482017517,-1.933508276939392,-4.051116943359375,-5.922882080078125,-4.821270942687988,-4.287191390991211
357,136,temporal,-2.004105567932129,-2.4985756874084477,-5.269232749938965,-6.498842239379883,-4.395395278930664,-5.851284027099609
358,132,temporal,-2.001461982727051,-2.595581531524658,-4.562345504760742,-6.442235946655273,-4.000604629516602,-6.327350616455078
359,58,temporal,-1.6004446744918823,-2.2261502742767334,-5.049812316894531,-4.600159645080566,-4.251001358032227,-6.130707740783691
360,41,temporal,-2.5979771614074707,-2.0145516395568848,-3.678861618041992,-5.288002014160156,-3.181058883666992,-5.503815650939941
361,197,temporal,-1.779613971710205,-1.652545690536499,-4.074317932128906,-6.535039901733398,-4.061182022094727,-5.9872894287109375
362,45,temporal,-1.6540127992630005,-2.1676039695739746,-3.5764389038085938,-5.592022895812988,-3.4629344940185547,-5.276629447937012
363,217,temporal,-1.7439587116241455,-2.658339500427246,-5.195191383361816,-6.319372177124023,-4.741517066955566,-5.155056953430176
364,21,temporal,-1.784482479095459,-2.709406614303589,-4.864839553833008,-4.7369537353515625,-4.26793098449707,-6.341364860534668
365,230,temporal,-2.07940936088562,-3.638525485992432,-4.144006729125977,-6.84642219543457,-4.314430236816406,-5.901849746704102
366,188,temporal,-1.81109356880188,-2.8144407272338867,-5.025286674499512,-7.202190399169922,-5.063603401184082,-6.138730049133301
367,118,temporal,-2.090501308441162,-3.07942271232605,-4.605001449584961,-6.577680587768555,-4.711469650268555,-6.292018890380859
368,53,temporal,-1.197087049484253,-1.4781948328018188,-3.126239776611328,-6.198760032653809,-3.774112701416016,-5.458038330078125
369,75,temporal,-1.543201565742493,-2.74039626121521,-4.535125732421875,-7.500596046447754,-4.534219741821289,-6.296765327453613
370,168,temporal,-1.6628729104995728,-2.611443996429444,-3.936330795288086,-6.538331031799316,-4.10291862487793,-5.768312454223633
371,177,temporal,-1.7775613069534302,-2.4334282875061035,-4.228351593017578,-4.821538925170898,-3.855428695678711,-6.064576148986816
372,50,temporal,-2.0316197872161865,-2.366957902908325,-3.766010284423828,-4.6349029541015625,-3.4472885131835938,-5.776251792907715
373,122,temporal,-2.40636944770813,-3.624708652496338,-4.445890426635742,-6.33930778503418,-4.339208602905273,-6.137653350830078
374,178,temporal,-1.718182921409607,-2.5127997398376465,-3.566757202148437,-6.114544868469238,-3.6379356384277344,-5.678055763244629
375,4,temporal,-1.5843346118927002,-1.8872548341751096,-3.2664966583251958,-5.444016456604004,-4.003910064697266,-5.2299909591674805
376,140,temporal,-1.5962646007537842,-2.134741306304932,-4.3459320068359375,-6.683650016784668,-4.527048110961914,-5.442134857177734
377,143,temporal,-1.7162301540374756,-2.653618097305298,-4.245695114135742,-6.13438892364502,-4.136817932128906,-5.662052154541016
378,13,temporal,-1.946616291999817,-2.4136264324188232,-4.819169044494629,-6.298772811889648,-4.018089294433594,-5.831931114196777
379,27,temporal,-1.7759299278259275,-2.457139015197754,-4.010570526123047,-6.106224060058594,-4.596795082092285,-6.051975250244141
380,192,temporal,-1.615243673324585,-2.7030029296875,-4.27064323425293,-6.545257568359375,-4.280483245849609,-5.615950584411621
381,202,temporal,-1.7181113958358765,-2.3333466053009038,-5.255867958068848,-6.1527099609375,-4.746879577636719,-6.189765930175781
382,15,temporal,-1.5317223072052002,-1.600841403007507,-3.7419261932373047,-6.142766952514648,-4.097209930419922,-5.215646743774414
383,24,temporal,-1.2781246900558472,-2.558227062225342,-4.353620529174805,-6.132952690124512,-4.371650695800781,-6.985322952270508
384,65,temporal,-1.8363888263702397,-2.4840898513793945,-5.437088966369629,-6.162564277648926,-4.938179016113281,-6.484362602233887
385,213,temporal,-1.9198583364486692,-3.140841245651245,-4.490711212158203,-6.922977447509766,-4.334415435791016,-6.014232635498047
386,37,temporal,-1.6253923177719116,-2.4840681552886963,-3.6758861541748047,-7.561644554138184,-3.6059741973876953,-5.379329681396484
387,123,temporal,-2.460784435272217,-3.1396377086639404,-5.040035247802734,-6.295526504516602,-4.298763275146484,-5.811342239379883
388,209,temporal,-1.8764746189117432,-2.742842674255371,-4.674398422241211,-6.161401748657227,-4.264190673828125,-5.035143852233887
389,112,temporal,-1.463480830192566,-2.5253024101257324,-4.3105316162109375,-7.014495849609375,-4.971179962158203,-6.342014312744141
390,93,temporal,-1.661350131034851,-1.769421100616455,-3.782903671264648,-6.288323402404785,-4.112165451049805,-4.83154296875
391,69,temporal,-1.938895583152771,-2.924532890319824,-5.05909538269043,-6.597853660583496,-4.669290542602539,-5.3603105545043945
392,138,temporal,-2.1743571758270264,-1.635638952255249,-5.908365249633789,-7.132335662841797,-5.308609962463379,-6.532143592834473
393,229,temporal,-2.046750545501709,-2.397728443145752,-3.82880973815918,-6.21811580657959,-4.085693359375,-5.682144165039063
394,190,temporal,-2.5504846572875977,-3.354811668395996,-5.100830078125,-6.403112411499023,-4.290691375732422,-5.966704368591309
395,124,temporal,-1.9247220754623413,-2.203617811203003,-4.107208251953125,-6.344759941101074,-4.342103958129883,-5.805698394775391
396,20,temporal,-1.5387321710586548,-3.173245906829834,-4.137975692749023,-6.898427963256836,-4.494998931884766,-5.507049560546875
397,162,temporal,-1.869946241378784,-1.700713872909546,-5.129352569580078,-7.235844612121582,-4.826964378356934,-6.922488212585449
398,223,temporal,-1.9222385883331297,-2.629141092300415,-4.177520751953125,-5.131908416748047,-4.279628753662109,-5.760994911193848
399,14,temporal,-2.185999631881714,-1.5686054229736328,-5.145325660705566,-6.515373229980469,-4.435325622558594,-6.195229530334473
400,5,temporal,-2.011198043823242,-3.1946563720703125,-4.084861755371094,-5.193214416503906,-3.9671688079833984,-6.176084518432617
401,130,temporal,-1.4827980995178225,-2.271852731704712,-4.313247680664063,-6.366390228271484,-4.605108261108398,-5.889459609985352
402,157,temporal,-1.6135929822921753,-2.8934614658355717,-4.231601715087891,-6.940644264221191,-4.815744400024414,-6.169215202331543
403,210,temporal,-2.2554328441619877,-1.5376611948013306,-3.835796356201172,-5.997615814208984,-3.297252655029297,-6.045238494873047
404,30,temporal,-1.866254568099976,-3.6301698684692383,-3.625391006469727,-5.696803092956543,-4.002162933349609,-4.871795654296875
405,186,temporal,-2.32072377204895,-2.1380059719085693,-3.955076217651367,-5.611904144287109,-4.164249420166016,-5.990484237670898
406,173,temporal,-1.7557114362716677,-1.943462610244751,-3.5185546875,-5.823569297790527,-4.432394027709961,-5.770668983459473
407,219,temporal,-1.3287357091903689,-2.569877862930298,-4.505659103393555,-7.275832176208496,-4.901068687438965,-5.980552673339844
408,2,temporal,-1.6048998832702637,-2.381712913513184,-4.192790985107422,-5.383774757385254,-5.118439674377441,-5.342294692993164
409,129,temporal,-1.95353364944458,-2.571945905685425,-4.572035789489746,-5.929618835449219,-4.587448120117188,-6.221097946166992
410,215,temporal,-2.246877431869507,-1.5890076160430908,-4.320182800292969,-6.603439331054688,-3.7333850860595694,-6.761800765991211
411,35,temporal,-1.322075366973877,-2.318875789642334,-3.627063751220703,-7.688178062438965,-3.6679725646972656,-6.640372276306152
412,227,temporal,-2.47210693359375,-3.0570333003997803,-4.22795295715332,-5.365940093994141,-3.806394577026367,-5.39096736907959
413,82,temporal,-1.806206226348877,-1.3729900121688845,-3.946044921875,-5.3685503005981445,-3.5579910278320312,-7.885274887084961
414,42,temporal,-2.026296854019165,-3.049202442169189,-3.5755672454833984,-5.605441093444824,-3.642955780029297,-4.709613800048828
415,160,temporal,-2.018760681152344,-2.618380308151245,-4.365996360778809,-4.487959861755371,-3.727415084838867,-5.779284477233887
416,28,temporal,-2.4737415313720703,-2.6403491497039795,-3.877656936645508,-5.331823348999023,-3.4863948822021484,-5.682751655578613
417,145,temporal,-1.6458677053451538,-3.1236584186553955,-4.179655075073242,-6.738187789916992,-4.450084686279297,-5.822220802307129
418,150,temporal,-1.7104607820510864,-1.9835689067840576,-4.418153762817383,-6.295550346374512,-3.980304718017578,-6.192517280578613
419,97,temporal,-1.5451470613479614,-2.3081977367401123,-4.619655609130859,-5.727217674255371,-3.897163391113281,-6.054886817932129
420,40,temporal,-1.9603079557418823,-1.9658045768737795,-3.605766296386719,-6.688169479370117,-3.7160491943359375,-5.807646751403809
421,207,temporal,-1.9634032249450684,-1.634054183959961,-5.049646377563477,-6.607028007507324,-4.790088653564453,-5.934760093688965
422,17,temporal,-1.2593235969543457,-2.205970048904419,-4.123003005981445,-6.51844596862793,-4.200672149658203,-5.585186958312988
423,120,temporal,-1.6358592510223389,-2.4042773246765137,-5.208415985107422,-6.878405570983887,-5.264900207519531,-6.113750457763672
424,81,temporal,-1.5297722816467283,-2.186922550201416,-4.982278823852539,-6.044528007507324,-4.591189384460449,-6.797780990600586
425,174,temporal,-1.7969703674316406,-2.0492162704467773,-3.206418991088867,-5.027129173278809,-3.8622055053710938,-5.149653434753418
426,63,temporal,-2.102381706237793,-2.023410558700561,-5.296134948730469,-7.127839088439941,-5.115447044372559,-6.390286445617676
427,199,temporal,-1.8262685537338257,-2.7269771099090576,-5.124279022216797,-6.397507667541504,-4.683658599853516,-5.234189033508301
428,158,temporal,-1.104391098022461,-1.8026005029678345,-3.193052291870117,-6.193090438842773,-3.5427608489990234,-5.833288192749023
429,34,temporal,-1.8833824396133425,-2.1434285640716557,-3.723201751708984,-5.907792091369629,-3.308267593383789,-6.3931884765625
430,73,temporal,-2.0533230304718018,-1.5422621965408323,-5.461106300354004,-7.199383735656738,-4.943900108337402,-6.925488471984863
431,110,temporal,-1.5430558919906616,-1.4921841621398926,-4.288984298706055,-5.8215179443359375,-3.780952453613281,-6.340249061584473
432,212,temporal,-1.632616400718689,-2.36112642288208,-4.482959747314453,-6.809470176696777,-4.744897842407227,-5.404751777648926
433,23,temporal,-1.2951587438583374,-1.9473875761032104,-4.537271499633789,-4.35845947265625,-3.58637809753418,-6.904499053955078
434,113,temporal,-1.9455978870391848,-2.0426366329193115,-4.559209823608398,-6.039201736450195,-4.466808319091797,-6.415737152099609
435,11,temporal,-1.4909435510635376,-2.120096445083618,-4.105548858642578,-6.468183517456055,-4.381248474121094,-5.105527877807617
436,32,temporal,-2.3513803482055664,-3.1019482612609863,-5.08403205871582,-6.005220413208008,-3.9988937377929688,-5.993468284606934
437,206,temporal,-1.591699242591858,-2.3552944660186768,-4.159185409545898,-6.565200805664063,-4.308261871337891,-6.012420654296875
438,167,temporal,-1.4972885847091677,-1.8243008852005005,-3.73625373840332,-6.496116638183594,-3.9745864868164062,-6.487393379211426
439,85,temporal,-1.4913173913955688,-1.6326030492782593,-4.140132904052734,-4.992330551147461,-4.100959777832031,-6.717931747436523
440,61,temporal,-2.075364112854004,-2.580650568008423,-4.541820526123047,-5.735630035400391,-3.750320434570313,-6.293168067932129
441,29,temporal,-1.529870867729187,-1.7902240753173828,-4.834972381591797,-4.175737380981445,-4.316402435302734,-6.820971488952637
442,185,temporal,-1.9368125200271609,-2.991428852081299,-4.711156845092773,-6.884030342102051,-4.843962669372559,-6.774074554443359
443,191,temporal,-1.914042592048645,-1.6387982368469238,-5.737823486328125,-7.220429420471191,-5.761075019836426,-6.535723686218262
444,179,temporal,-1.555123209953308,-2.388908624649048,-4.409486770629883,-5.559839248657227,-3.9456520080566406,-6.634794235229492
445,54,temporal,-2.043534994125366,-1.6690837144851685,-3.73727035522461,-5.06641960144043,-3.4338436126708984,-6.638410568237305
446,155,temporal,-1.9516364336013796,-3.198155403137207,-3.7583274841308594,-6.520874977111816,-4.227846145629883,-5.589911460876465
447,56,temporal,-1.230743169784546,-1.9609607458114624,-5.046565055847168,-5.064582824707031,-4.330339431762695,-6.348179817199707
448,159,temporal,-1.4628032445907593,-1.2301563024520874,-2.85004997253418,-6.127437591552734,-2.8228836059570312,-6.148282051086426
449,1,temporal,-1.5733861923217771,-1.7200098037719729,-3.0382232666015625,-6.458883285522461,-4.173418045043945,-5.538948059082031
