idx,item,stimuli_type,connective,target,stimuli_instance_description,stimuli_instance,entity1,entity2,prompt,prompt_template,label_space,label
3600,1,temporal,after,before,,1,daxday,gextravaganza,"Erica said, ""After gextravaganza took place, daxday happened."" From this, which event started first? Answer either with daxday or gextravaganza and nothing else.",prompt_0,daxday/gextravaganza,gextravaganza
3601,2,temporal,after,after,,2,daxday,blicketbash,"Jessica said, ""After blicketbash happened, daxday occurred."" From this, which event started first? Answer either with daxday or blicketbash and nothing else.",prompt_0,daxday/blicketbash,blicketbash
3602,3,temporal,after,after,,3,blicketbash,gextravaganza,"Lucy said, ""After gextravaganza occurred, blicketbash happened."" From this, which event started first? Answer either with blicketbash or gextravaganza and nothing else.",prompt_0,blicketbash/gextravaganza,gextravaganza
3603,4,temporal,after,before,,4,daxday,fepfestival,"David said, ""After fepfestival occurred, daxday took place."" From this, which event started first? Answer either with daxday or fepfestival and nothing else.",prompt_0,daxday/fepfestival,fepfestival
3604,5,temporal,after,after,,5,wugfest,daxday,"Daniel said, ""After daxday happened, wugfest occurred."" From this, which event started first? Answer either with wugfest or daxday and nothing else.",prompt_0,wugfest/daxday,daxday
3605,6,temporal,after,before,,6,wugfest,fepfestival,"Emily said, ""After fepfestival occurred, wugfest took place."" From this, which event started first? Answer either with wugfest or fepfestival and nothing else.",prompt_0,wugfest/fepfestival,fepfestival
3606,7,temporal,after,before,,7,fepfestival,blicketbash,"John said, ""fepfestival occurred after blicketbash took place."" From this, which event started first? Answer either with fepfestival or blicketbash and nothing else.",prompt_0,fepfestival/blicketbash,blicketbash
3607,8,temporal,after,after,,8,wugfest,blicketbash,"Cameron said, ""After blicketbash took place, wugfest occurred."" From this, which event started first? Answer either with wugfest or blicketbash and nothing else.",prompt_0,wugfest/blicketbash,blicketbash
3608,9,temporal,after,before,,9,wugfest,gextravaganza,"Adam said, ""wugfest happened after gextravaganza occurred."" From this, which event started first? Answer either with wugfest or gextravaganza and nothing else.",prompt_0,wugfest/gextravaganza,gextravaganza
3609,10,temporal,after,before,,10,fepfestival,gextravaganza,"Megan said, ""After gextravaganza happened, fepfestival took place."" From this, which event started first? Answer either with fepfestival or gextravaganza and nothing else.",prompt_0,fepfestival/gextravaganza,gextravaganza
3610,11,temporal,afterwards,before,,1,fepfestival,blicketbash,"Erica said, ""fepfestival took place. Afterwards, blicketbash occurred."" From this, which event started first? Answer either with fepfestival or blicketbash and nothing else.",prompt_0,fepfestival/blicketbash,fepfestival
3611,12,temporal,afterwards,before,,2,wugfest,fepfestival,"Jessica said, ""wugfest occurred. Afterwards, fepfestival happened."" From this, which event started first? Answer either with wugfest or fepfestival and nothing else.",prompt_0,wugfest/fepfestival,wugfest
3612,13,temporal,afterwards,after,,3,wugfest,blicketbash,"Lucy said, ""wugfest took place. Afterwards, blicketbash occurred."" From this, which event started first? Answer either with wugfest or blicketbash and nothing else.",prompt_0,wugfest/blicketbash,wugfest
3613,14,temporal,afterwards,before,,4,daxday,gextravaganza,"David said, ""daxday occurred. Afterwards, gextravaganza took place."" From this, which event started first? Answer either with daxday or gextravaganza and nothing else.",prompt_0,daxday/gextravaganza,daxday
3614,15,temporal,afterwards,before,,5,fepfestival,gextravaganza,"Daniel said, ""fepfestival happened. Afterwards, gextravaganza occurred."" From this, which event started first? Answer either with fepfestival or gextravaganza and nothing else.",prompt_0,fepfestival/gextravaganza,fepfestival
3615,16,temporal,afterwards,before,,6,wugfest,gextravaganza,"Emily said, ""wugfest took place. Afterwards, gextravaganza occurred."" From this, which event started first? Answer either with wugfest or gextravaganza and nothing else.",prompt_0,wugfest/gextravaganza,wugfest
3616,17,temporal,afterwards,after,,7,wugfest,daxday,"John said, ""wugfest happened. Afterwards, daxday took place."" From this, which event started first? Answer either with wugfest or daxday and nothing else.",prompt_0,wugfest/daxday,wugfest
3617,18,temporal,afterwards,before,,8,blicketbash,gextravaganza,"Cameron said, ""blicketbash took place. Afterwards, gextravaganza occurred."" From this, which event started first? Answer either with blicketbash or gextravaganza and nothing else.",prompt_0,blicketbash/gextravaganza,blicketbash
3618,19,temporal,afterwards,before,,9,daxday,fepfestival,"Adam said, ""daxday happened. Afterwards, fepfestival took place."" From this, which event started first? Answer either with daxday or fepfestival and nothing else.",prompt_0,daxday/fepfestival,daxday
3619,20,temporal,afterwards,after,,10,daxday,blicketbash,"Megan said, ""daxday happened. Afterwards, blicketbash occurred."" From this, which event started first? Answer either with daxday or blicketbash and nothing else.",prompt_0,daxday/blicketbash,daxday
3620,21,temporal,as soon as,before,,1,wugfest,blicketbash,"Erica said, ""wugfest happened as soon as blicketbash occurred."" From this, which event started first? Answer either with wugfest or blicketbash and nothing else.",prompt_0,wugfest/blicketbash,blicketbash
3621,22,temporal,as soon as,before,,2,wugfest,fepfestival,"Jessica said, ""wugfest happened as soon as fepfestival occurred."" From this, which event started first? Answer either with wugfest or fepfestival and nothing else.",prompt_0,wugfest/fepfestival,fepfestival
3622,23,temporal,as soon as,before,,3,blicketbash,gextravaganza,"Lucy said, ""As soon as gextravaganza took place, blicketbash occurred."" From this, which event started first? Answer either with blicketbash or gextravaganza and nothing else.",prompt_0,blicketbash/gextravaganza,gextravaganza
3623,24,temporal,as soon as,before,,4,wugfest,gextravaganza,"David said, ""wugfest took place as soon as gextravaganza happened."" From this, which event started first? Answer either with wugfest or gextravaganza and nothing else.",prompt_0,wugfest/gextravaganza,gextravaganza
3624,25,temporal,as soon as,after,,5,daxday,blicketbash,"Daniel said, ""As soon as blicketbash occurred, daxday happened."" From this, which event started first? Answer either with daxday or blicketbash and nothing else.",prompt_0,daxday/blicketbash,blicketbash
3625,26,temporal,as soon as,before,,6,fepfestival,blicketbash,"Emily said, ""fepfestival happened as soon as blicketbash took place."" From this, which event started first? Answer either with fepfestival or blicketbash and nothing else.",prompt_0,fepfestival/blicketbash,blicketbash
3626,27,temporal,as soon as,after,,7,daxday,gextravaganza,"John said, ""daxday took place as soon as gextravaganza occurred."" From this, which event started first? Answer either with daxday or gextravaganza and nothing else.",prompt_0,daxday/gextravaganza,gextravaganza
3627,28,temporal,as soon as,after,,8,fepfestival,gextravaganza,"Cameron said, ""fepfestival took place as soon as gextravaganza happened."" From this, which event started first? Answer either with fepfestival or gextravaganza and nothing else.",prompt_0,fepfestival/gextravaganza,gextravaganza
3628,29,temporal,as soon as,after,,9,daxday,fepfestival,"Adam said, ""As soon as fepfestival happened, daxday occurred."" From this, which event started first? Answer either with daxday or fepfestival and nothing else.",prompt_0,daxday/fepfestival,fepfestival
3629,30,temporal,as soon as,after,,10,wugfest,daxday,"Megan said, ""As soon as daxday took place, wugfest occurred."" From this, which event started first? Answer either with wugfest or daxday and nothing else.",prompt_0,wugfest/daxday,daxday
3630,31,temporal,as a result,after,,1,wugfest,fepfestival,"Erica said, ""fepfestival happened as a result of wugfest."" From this, which event started first? Answer either with wugfest or fepfestival and nothing else.",prompt_0,wugfest/fepfestival,wugfest
3631,32,temporal,as a result,after,,2,fepfestival,gextravaganza,"Jessica said, ""fepfestival took place. As a result, gextravaganza happened."" From this, which event started first? Answer either with fepfestival or gextravaganza and nothing else.",prompt_0,fepfestival/gextravaganza,fepfestival
3632,33,temporal,as a result,before,,3,wugfest,blicketbash,"Lucy said, ""wugfest happened. As a result, blicketbash occurred."" From this, which event started first? Answer either with wugfest or blicketbash and nothing else.",prompt_0,wugfest/blicketbash,wugfest
3633,34,temporal,as a result,before,,4,daxday,gextravaganza,"David said, ""gextravaganza took place as a result of daxday."" From this, which event started first? Answer either with daxday or gextravaganza and nothing else.",prompt_0,daxday/gextravaganza,daxday
3634,35,temporal,as a result,before,,5,fepfestival,blicketbash,"Daniel said, ""fepfestival occurred. As a result, blicketbash happened."" From this, which event started first? Answer either with fepfestival or blicketbash and nothing else.",prompt_0,fepfestival/blicketbash,fepfestival
3635,36,temporal,as a result,after,,6,wugfest,daxday,"Emily said, ""wugfest took place. As a result, daxday occurred."" From this, which event started first? Answer either with wugfest or daxday and nothing else.",prompt_0,wugfest/daxday,wugfest
3636,37,temporal,as a result,after,,7,daxday,blicketbash,"John said, ""daxday occurred. As a result, blicketbash happened."" From this, which event started first? Answer either with daxday or blicketbash and nothing else.",prompt_0,daxday/blicketbash,daxday
3637,38,temporal,as a result,after,,8,blicketbash,gextravaganza,"Cameron said, ""blicketbash happened. As a result, gextravaganza took place."" From this, which event started first? Answer either with blicketbash or gextravaganza and nothing else.",prompt_0,blicketbash/gextravaganza,blicketbash
3638,39,temporal,as a result,after,,9,daxday,fepfestival,"Adam said, ""daxday happened. As a result, fepfestival occurred."" From this, which event started first? Answer either with daxday or fepfestival and nothing else.",prompt_0,daxday/fepfestival,daxday
3639,40,temporal,as a result,before,,10,wugfest,gextravaganza,"Megan said, ""gextravaganza took place as a result of wugfest."" From this, which event started first? Answer either with wugfest or gextravaganza and nothing else.",prompt_0,wugfest/gextravaganza,wugfest
3640,41,temporal,because,after,,1,blicketbash,gextravaganza,"Erica said, ""Because gextravaganza occurred, blicketbash took place."" From this, which event started first? Answer either with blicketbash or gextravaganza and nothing else.",prompt_0,blicketbash/gextravaganza,gextravaganza
3641,42,temporal,because,before,,2,wugfest,fepfestival,"Jessica said, ""Because fepfestival took place, wugfest happened."" From this, which event started first? Answer either with wugfest or fepfestival and nothing else.",prompt_0,wugfest/fepfestival,fepfestival
3642,43,temporal,because,before,,3,fepfestival,gextravaganza,"Lucy said, ""Because gextravaganza occurred, fepfestival took place."" From this, which event started first? Answer either with fepfestival or gextravaganza and nothing else.",prompt_0,fepfestival/gextravaganza,gextravaganza
3643,44,temporal,because,before,,4,wugfest,daxday,"David said, ""Because daxday took place, wugfest occurred."" From this, which event started first? Answer either with wugfest or daxday and nothing else.",prompt_0,wugfest/daxday,daxday
3644,45,temporal,because,before,,5,fepfestival,blicketbash,"Daniel said, ""fepfestival occurred because blicketbash took place."" From this, which event started first? Answer either with fepfestival or blicketbash and nothing else.",prompt_0,fepfestival/blicketbash,blicketbash
3645,46,temporal,because,after,,6,wugfest,blicketbash,"Emily said, ""Because blicketbash took place, wugfest happened."" From this, which event started first? Answer either with wugfest or blicketbash and nothing else.",prompt_0,wugfest/blicketbash,blicketbash
3646,47,temporal,because,after,,7,daxday,fepfestival,"John said, ""Because fepfestival took place, daxday occurred."" From this, which event started first? Answer either with daxday or fepfestival and nothing else.",prompt_0,daxday/fepfestival,fepfestival
3647,48,temporal,because,after,,8,daxday,blicketbash,"Cameron said, ""daxday happened because blicketbash occurred."" From this, which event started first? Answer either with daxday or blicketbash and nothing else.",prompt_0,daxday/blicketbash,blicketbash
3648,49,temporal,because,after,,9,daxday,gextravaganza,"Adam said, ""Because gextravaganza occurred, daxday took place."" From this, which event started first? Answer either with daxday or gextravaganza and nothing else.",prompt_0,daxday/gextravaganza,gextravaganza
3649,50,temporal,because,before,,10,wugfest,gextravaganza,"Megan said, ""wugfest occurred because gextravaganza happened."" From this, which event started first? Answer either with wugfest or gextravaganza and nothing else.",prompt_0,wugfest/gextravaganza,gextravaganza
3650,51,temporal,before,after,,1,blicketbash,gextravaganza,"Erica said, ""blicketbash occurred before gextravaganza."" From this, which event started first? Answer either with blicketbash or gextravaganza and nothing else.",prompt_0,blicketbash/gextravaganza,blicketbash
3651,52,temporal,before,after,,2,fepfestival,blicketbash,"Jessica said, ""Before blicketbash happened, fepfestival took place."" From this, which event started first? Answer either with fepfestival or blicketbash and nothing else.",prompt_0,fepfestival/blicketbash,fepfestival
3652,53,temporal,before,before,,3,fepfestival,gextravaganza,"Lucy said, ""fepfestival occurred before gextravaganza."" From this, which event started first? Answer either with fepfestival or gextravaganza and nothing else.",prompt_0,fepfestival/gextravaganza,fepfestival
3653,54,temporal,before,before,,4,daxday,gextravaganza,"David said, ""Before gextravaganza happened, daxday occurred."" From this, which event started first? Answer either with daxday or gextravaganza and nothing else.",prompt_0,daxday/gextravaganza,daxday
3654,55,temporal,before,before,,5,daxday,blicketbash,"Daniel said, ""Before blicketbash occurred, daxday took place."" From this, which event started first? Answer either with daxday or blicketbash and nothing else.",prompt_0,daxday/blicketbash,daxday
3655,56,temporal,before,before,,6,wugfest,blicketbash,"Emily said, ""wugfest took place before blicketbash."" From this, which event started first? Answer either with wugfest or blicketbash and nothing else.",prompt_0,wugfest/blicketbash,wugfest
3656,57,temporal,before,after,,7,wugfest,gextravaganza,"John said, ""Before gextravaganza occurred, wugfest took place."" From this, which event started first? Answer either with wugfest or gextravaganza and nothing else.",prompt_0,wugfest/gextravaganza,wugfest
3657,58,temporal,before,before,,8,wugfest,fepfestival,"Cameron said, ""wugfest occurred before fepfestival."" From this, which event started first? Answer either with wugfest or fepfestival and nothing else.",prompt_0,wugfest/fepfestival,wugfest
3658,59,temporal,before,after,,9,daxday,fepfestival,"Adam said, ""Before fepfestival occurred, daxday happened."" From this, which event started first? Answer either with daxday or fepfestival and nothing else.",prompt_0,daxday/fepfestival,daxday
3659,60,temporal,before,before,,10,wugfest,daxday,"Megan said, ""Before daxday took place, wugfest occurred."" From this, which event started first? Answer either with wugfest or daxday and nothing else.",prompt_0,wugfest/daxday,wugfest
3660,61,temporal,consequently,after,,1,daxday,blicketbash,"Erica said, ""daxday happened. Consequently, blicketbash took place."" From this, which event started first? Answer either with daxday or blicketbash and nothing else.",prompt_0,daxday/blicketbash,daxday
3661,62,temporal,consequently,before,,2,blicketbash,gextravaganza,"Jessica said, ""blicketbash occurred. Consequently, gextravaganza took place."" From this, which event started first? Answer either with blicketbash or gextravaganza and nothing else.",prompt_0,blicketbash/gextravaganza,blicketbash
3662,63,temporal,consequently,before,,3,wugfest,blicketbash,"Lucy said, ""wugfest occurred. Consequently, blicketbash took place."" From this, which event started first? Answer either with wugfest or blicketbash and nothing else.",prompt_0,wugfest/blicketbash,wugfest
3663,64,temporal,consequently,before,,4,fepfestival,blicketbash,"David said, ""fepfestival took place. Consequently, blicketbash happened."" From this, which event started first? Answer either with fepfestival or blicketbash and nothing else.",prompt_0,fepfestival/blicketbash,fepfestival
3664,65,temporal,consequently,before,,5,wugfest,daxday,"Daniel said, ""wugfest occurred. Consequently, daxday took place."" From this, which event started first? Answer either with wugfest or daxday and nothing else.",prompt_0,wugfest/daxday,wugfest
3665,66,temporal,consequently,before,,6,fepfestival,gextravaganza,"Emily said, ""fepfestival took place. Consequently, gextravaganza occurred."" From this, which event started first? Answer either with fepfestival or gextravaganza and nothing else.",prompt_0,fepfestival/gextravaganza,fepfestival
3666,67,temporal,consequently,after,,7,daxday,gextravaganza,"John said, ""daxday took place. Consequently, gextravaganza occurred."" From this, which event started first? Answer either with daxday or gextravaganza and nothing else.",prompt_0,daxday/gextravaganza,daxday
3667,68,temporal,consequently,after,,8,wugfest,fepfestival,"Cameron said, ""wugfest took place. Consequently, fepfestival occurred."" From this, which event started first? Answer either with wugfest or fepfestival and nothing else.",prompt_0,wugfest/fepfestival,wugfest
3668,69,temporal,consequently,after,,9,wugfest,gextravaganza,"Adam said, ""wugfest took place. Consequently, gextravaganza happened."" From this, which event started first? Answer either with wugfest or gextravaganza and nothing else.",prompt_0,wugfest/gextravaganza,wugfest
3669,70,temporal,consequently,after,,10,daxday,fepfestival,"Megan said, ""daxday took place. Consequently, fepfestival happened."" From this, which event started first? Answer either with daxday or fepfestival and nothing else.",prompt_0,daxday/fepfestival,daxday
3670,71,temporal,earlier,after,,1,daxday,fepfestival,"Erica said, ""daxday took place. Earlier, fepfestival happened."" From this, which event started first? Answer either with daxday or fepfestival and nothing else.",prompt_0,daxday/fepfestival,fepfestival
3671,72,temporal,earlier,after,,2,wugfest,blicketbash,"Jessica said, ""wugfest took place. Earlier, blicketbash occurred."" From this, which event started first? Answer either with wugfest or blicketbash and nothing else.",prompt_0,wugfest/blicketbash,blicketbash
3672,73,temporal,earlier,before,,3,wugfest,fepfestival,"Lucy said, ""wugfest occurred. Earlier, fepfestival happened."" From this, which event started first? Answer either with wugfest or fepfestival and nothing else.",prompt_0,wugfest/fepfestival,fepfestival
3673,74,temporal,earlier,before,,4,blicketbash,gextravaganza,"David said, ""blicketbash occurred. Earlier, gextravaganza happened."" From this, which event started first? Answer either with blicketbash or gextravaganza and nothing else.",prompt_0,blicketbash/gextravaganza,gextravaganza
3674,75,temporal,earlier,before,,5,daxday,blicketbash,"Daniel said, ""daxday occurred. Earlier, blicketbash happened."" From this, which event started first? Answer either with daxday or blicketbash and nothing else.",prompt_0,daxday/blicketbash,blicketbash
3675,76,temporal,earlier,before,,6,daxday,gextravaganza,"Emily said, ""daxday occurred. Earlier, gextravaganza took place."" From this, which event started first? Answer either with daxday or gextravaganza and nothing else.",prompt_0,daxday/gextravaganza,gextravaganza
3676,77,temporal,earlier,after,,7,wugfest,gextravaganza,"John said, ""wugfest happened. Earlier, gextravaganza occurred."" From this, which event started first? Answer either with wugfest or gextravaganza and nothing else.",prompt_0,wugfest/gextravaganza,gextravaganza
3677,78,temporal,earlier,after,,8,fepfestival,gextravaganza,"Cameron said, ""fepfestival happened. Earlier, gextravaganza occurred."" From this, which event started first? Answer either with fepfestival or gextravaganza and nothing else.",prompt_0,fepfestival/gextravaganza,gextravaganza
3678,79,temporal,earlier,after,,9,wugfest,daxday,"Adam said, ""wugfest happened. Earlier, daxday occurred."" From this, which event started first? Answer either with wugfest or daxday and nothing else.",prompt_0,wugfest/daxday,daxday
3679,80,temporal,earlier,before,,10,fepfestival,blicketbash,"Megan said, ""fepfestival happened. Earlier, blicketbash occurred."" From this, which event started first? Answer either with fepfestival or blicketbash and nothing else.",prompt_0,fepfestival/blicketbash,blicketbash
3680,81,temporal,even after,before,,1,daxday,fepfestival,"Erica said, ""daxday took place even after fepfestival occurred."" From this, which event started first? Answer either with daxday or fepfestival and nothing else.",prompt_0,daxday/fepfestival,fepfestival
3681,82,temporal,even after,after,,2,wugfest,fepfestival,"Jessica said, ""Even after fepfestival happened, wugfest occurred."" From this, which event started first? Answer either with wugfest or fepfestival and nothing else.",prompt_0,wugfest/fepfestival,fepfestival
3682,83,temporal,even after,before,,3,wugfest,gextravaganza,"Lucy said, ""Even after gextravaganza happened, wugfest took place."" From this, which event started first? Answer either with wugfest or gextravaganza and nothing else.",prompt_0,wugfest/gextravaganza,gextravaganza
3683,84,temporal,even after,before,,4,wugfest,blicketbash,"David said, ""wugfest took place even after blicketbash happened."" From this, which event started first? Answer either with wugfest or blicketbash and nothing else.",prompt_0,wugfest/blicketbash,blicketbash
3684,85,temporal,even after,after,,5,wugfest,daxday,"Daniel said, ""Even after daxday took place, wugfest happened."" From this, which event started first? Answer either with wugfest or daxday and nothing else.",prompt_0,wugfest/daxday,daxday
3685,86,temporal,even after,before,,6,fepfestival,gextravaganza,"Emily said, ""fepfestival took place even after gextravaganza occurred."" From this, which event started first? Answer either with fepfestival or gextravaganza and nothing else.",prompt_0,fepfestival/gextravaganza,gextravaganza
3686,87,temporal,even after,after,,7,fepfestival,blicketbash,"John said, ""fepfestival occurred even after blicketbash happened."" From this, which event started first? Answer either with fepfestival or blicketbash and nothing else.",prompt_0,fepfestival/blicketbash,blicketbash
3687,88,temporal,even after,before,,8,blicketbash,gextravaganza,"Cameron said, ""blicketbash happened even after gextravaganza took place."" From this, which event started first? Answer either with blicketbash or gextravaganza and nothing else.",prompt_0,blicketbash/gextravaganza,gextravaganza
3688,89,temporal,even after,before,,9,daxday,blicketbash,"Adam said, ""Even after blicketbash happened, daxday took place."" From this, which event started first? Answer either with daxday or blicketbash and nothing else.",prompt_0,daxday/blicketbash,blicketbash
3689,90,temporal,even after,after,,10,daxday,gextravaganza,"Megan said, ""Even after gextravaganza occurred, daxday took place."" From this, which event started first? Answer either with daxday or gextravaganza and nothing else.",prompt_0,daxday/gextravaganza,gextravaganza
3690,91,temporal,eventually,before,,1,wugfest,blicketbash,"Erica said, ""blicketbash occurred. Eventually, wugfest happened."" From this, which event started first? Answer either with wugfest or blicketbash and nothing else.",prompt_0,wugfest/blicketbash,blicketbash
3691,92,temporal,eventually,before,,2,wugfest,daxday,"Jessica said, ""daxday occurred. Eventually, wugfest happened."" From this, which event started first? Answer either with wugfest or daxday and nothing else.",prompt_0,wugfest/daxday,daxday
3692,93,temporal,eventually,after,,3,wugfest,fepfestival,"Lucy said, ""fepfestival occurred. Eventually, wugfest took place."" From this, which event started first? Answer either with wugfest or fepfestival and nothing else.",prompt_0,wugfest/fepfestival,fepfestival
3693,94,temporal,eventually,after,,4,daxday,blicketbash,"David said, ""blicketbash took place. Eventually, daxday occurred."" From this, which event started first? Answer either with daxday or blicketbash and nothing else.",prompt_0,daxday/blicketbash,blicketbash
3694,95,temporal,eventually,after,,5,fepfestival,gextravaganza,"Daniel said, ""gextravaganza happened. Eventually, fepfestival took place."" From this, which event started first? Answer either with fepfestival or gextravaganza and nothing else.",prompt_0,fepfestival/gextravaganza,gextravaganza
3695,96,temporal,eventually,after,,6,blicketbash,gextravaganza,"Emily said, ""gextravaganza happened. Eventually, blicketbash took place."" From this, which event started first? Answer either with blicketbash or gextravaganza and nothing else.",prompt_0,blicketbash/gextravaganza,gextravaganza
3696,97,temporal,eventually,before,,7,wugfest,gextravaganza,"John said, ""gextravaganza took place. Eventually, wugfest happened."" From this, which event started first? Answer either with wugfest or gextravaganza and nothing else.",prompt_0,wugfest/gextravaganza,gextravaganza
3697,98,temporal,eventually,before,,8,daxday,gextravaganza,"Cameron said, ""gextravaganza occurred. Eventually, daxday happened."" From this, which event started first? Answer either with daxday or gextravaganza and nothing else.",prompt_0,daxday/gextravaganza,gextravaganza
3698,99,temporal,eventually,before,,9,fepfestival,blicketbash,"Adam said, ""blicketbash happened. Eventually, fepfestival took place."" From this, which event started first? Answer either with fepfestival or blicketbash and nothing else.",prompt_0,fepfestival/blicketbash,blicketbash
3699,100,temporal,eventually,after,,10,daxday,fepfestival,"Megan said, ""fepfestival happened. Eventually, daxday occurred."" From this, which event started first? Answer either with daxday or fepfestival and nothing else.",prompt_0,daxday/fepfestival,fepfestival
3700,101,temporal,even before,after,,1,daxday,fepfestival,"Erica said, ""Even before daxday happened, fepfestival occurred."" From this, which event started first? Answer either with daxday or fepfestival and nothing else.",prompt_0,daxday/fepfestival,fepfestival
3701,102,temporal,even before,before,,2,wugfest,blicketbash,"Jessica said, ""blicketbash happened even before wugfest took place."" From this, which event started first? Answer either with wugfest or blicketbash and nothing else.",prompt_0,wugfest/blicketbash,blicketbash
3702,103,temporal,even before,after,,3,fepfestival,gextravaganza,"Lucy said, ""Even before fepfestival took place, gextravaganza occurred."" From this, which event started first? Answer either with fepfestival or gextravaganza and nothing else.",prompt_0,fepfestival/gextravaganza,gextravaganza
3703,104,temporal,even before,after,,4,wugfest,fepfestival,"David said, ""Even before wugfest happened, fepfestival occurred."" From this, which event started first? Answer either with wugfest or fepfestival and nothing else.",prompt_0,wugfest/fepfestival,fepfestival
3704,105,temporal,even before,before,,5,daxday,gextravaganza,"Daniel said, ""Even before daxday took place, gextravaganza occurred."" From this, which event started first? Answer either with daxday or gextravaganza and nothing else.",prompt_0,daxday/gextravaganza,gextravaganza
3705,106,temporal,even before,after,,6,wugfest,gextravaganza,"Emily said, ""Even before wugfest happened, gextravaganza took place."" From this, which event started first? Answer either with wugfest or gextravaganza and nothing else.",prompt_0,wugfest/gextravaganza,gextravaganza
3706,107,temporal,even before,after,,7,wugfest,daxday,"John said, ""Even before wugfest occurred, daxday took place."" From this, which event started first? Answer either with wugfest or daxday and nothing else.",prompt_0,wugfest/daxday,daxday
3707,108,temporal,even before,before,,8,daxday,blicketbash,"Cameron said, ""Even before daxday took place, blicketbash happened."" From this, which event started first? Answer either with daxday or blicketbash and nothing else.",prompt_0,daxday/blicketbash,blicketbash
3708,109,temporal,even before,after,,9,fepfestival,blicketbash,"Adam said, ""blicketbash happened even before fepfestival occurred."" From this, which event started first? Answer either with fepfestival or blicketbash and nothing else.",prompt_0,fepfestival/blicketbash,blicketbash
3709,110,temporal,even before,after,,10,blicketbash,gextravaganza,"Megan said, ""gextravaganza happened even before blicketbash occurred."" From this, which event started first? Answer either with blicketbash or gextravaganza and nothing else.",prompt_0,blicketbash/gextravaganza,gextravaganza
3710,111,temporal,even though,before,,1,wugfest,blicketbash,"Erica said, ""wugfest occurred even though blicketbash took place."" From this, which event started first? Answer either with wugfest or blicketbash and nothing else.",prompt_0,wugfest/blicketbash,blicketbash
3711,112,temporal,even though,before,,2,wugfest,daxday,"Jessica said, ""wugfest occurred even though daxday happened."" From this, which event started first? Answer either with wugfest or daxday and nothing else.",prompt_0,wugfest/daxday,daxday
3712,113,temporal,even though,after,,3,fepfestival,blicketbash,"Lucy said, ""Even though blicketbash happened, fepfestival took place."" From this, which event started first? Answer either with fepfestival or blicketbash and nothing else.",prompt_0,fepfestival/blicketbash,blicketbash
3713,114,temporal,even though,after,,4,wugfest,gextravaganza,"David said, ""Even though gextravaganza took place, wugfest happened."" From this, which event started first? Answer either with wugfest or gextravaganza and nothing else.",prompt_0,wugfest/gextravaganza,gextravaganza
3714,115,temporal,even though,before,,5,daxday,blicketbash,"Daniel said, ""Even though blicketbash occurred, daxday took place."" From this, which event started first? Answer either with daxday or blicketbash and nothing else.",prompt_0,daxday/blicketbash,blicketbash
3715,116,temporal,even though,before,,6,daxday,gextravaganza,"Emily said, ""daxday happened even though gextravaganza took place."" From this, which event started first? Answer either with daxday or gextravaganza and nothing else.",prompt_0,daxday/gextravaganza,gextravaganza
3716,117,temporal,even though,after,,7,blicketbash,gextravaganza,"John said, ""blicketbash happened even though gextravaganza occurred."" From this, which event started first? Answer either with blicketbash or gextravaganza and nothing else.",prompt_0,blicketbash/gextravaganza,gextravaganza
3717,118,temporal,even though,before,,8,fepfestival,gextravaganza,"Cameron said, ""fepfestival happened even though gextravaganza occurred."" From this, which event started first? Answer either with fepfestival or gextravaganza and nothing else.",prompt_0,fepfestival/gextravaganza,gextravaganza
3718,119,temporal,even though,before,,9,wugfest,fepfestival,"Adam said, ""Even though fepfestival happened, wugfest occurred."" From this, which event started first? Answer either with wugfest or fepfestival and nothing else.",prompt_0,wugfest/fepfestival,fepfestival
3719,120,temporal,even though,before,,10,daxday,fepfestival,"Megan said, ""Even though fepfestival took place, daxday happened."" From this, which event started first? Answer either with daxday or fepfestival and nothing else.",prompt_0,daxday/fepfestival,fepfestival
3720,121,temporal,finally,after,,1,daxday,fepfestival,"Erica said, ""daxday took place. Finally, fepfestival occurred."" From this, which event started first? Answer either with daxday or fepfestival and nothing else.",prompt_0,daxday/fepfestival,daxday
3721,122,temporal,finally,before,,2,fepfestival,blicketbash,"Jessica said, ""fepfestival happened. Finally, blicketbash took place."" From this, which event started first? Answer either with fepfestival or blicketbash and nothing else.",prompt_0,fepfestival/blicketbash,fepfestival
3722,123,temporal,finally,before,,3,wugfest,daxday,"Lucy said, ""wugfest took place. Finally, daxday occurred."" From this, which event started first? Answer either with wugfest or daxday and nothing else.",prompt_0,wugfest/daxday,wugfest
3723,124,temporal,finally,after,,4,fepfestival,gextravaganza,"David said, ""fepfestival happened. Finally, gextravaganza took place."" From this, which event started first? Answer either with fepfestival or gextravaganza and nothing else.",prompt_0,fepfestival/gextravaganza,fepfestival
3724,125,temporal,finally,before,,5,wugfest,gextravaganza,"Daniel said, ""wugfest occurred. Finally, gextravaganza happened."" From this, which event started first? Answer either with wugfest or gextravaganza and nothing else.",prompt_0,wugfest/gextravaganza,wugfest
3725,126,temporal,finally,after,,6,daxday,gextravaganza,"Emily said, ""daxday occurred. Finally, gextravaganza happened."" From this, which event started first? Answer either with daxday or gextravaganza and nothing else.",prompt_0,daxday/gextravaganza,daxday
3726,127,temporal,finally,after,,7,blicketbash,gextravaganza,"John said, ""blicketbash took place. Finally, gextravaganza occurred."" From this, which event started first? Answer either with blicketbash or gextravaganza and nothing else.",prompt_0,blicketbash/gextravaganza,blicketbash
3727,128,temporal,finally,before,,8,wugfest,fepfestival,"Cameron said, ""wugfest occurred. Finally, fepfestival happened."" From this, which event started first? Answer either with wugfest or fepfestival and nothing else.",prompt_0,wugfest/fepfestival,wugfest
3728,129,temporal,finally,after,,9,wugfest,blicketbash,"Adam said, ""wugfest happened. Finally, blicketbash occurred."" From this, which event started first? Answer either with wugfest or blicketbash and nothing else.",prompt_0,wugfest/blicketbash,wugfest
3729,130,temporal,finally,after,,10,daxday,blicketbash,"Megan said, ""daxday happened. Finally, blicketbash occurred."" From this, which event started first? Answer either with daxday or blicketbash and nothing else.",prompt_0,daxday/blicketbash,daxday
3730,131,temporal,hence,before,,1,wugfest,fepfestival,"Erica said, ""wugfest happened. Hence, fepfestival took place."" From this, which event started first? Answer either with wugfest or fepfestival and nothing else.",prompt_0,wugfest/fepfestival,wugfest
3731,132,temporal,hence,after,,2,daxday,gextravaganza,"Jessica said, ""daxday happened. Hence, gextravaganza occurred."" From this, which event started first? Answer either with daxday or gextravaganza and nothing else.",prompt_0,daxday/gextravaganza,daxday
3732,133,temporal,hence,before,,3,fepfestival,blicketbash,"Lucy said, ""fepfestival happened. Hence, blicketbash took place."" From this, which event started first? Answer either with fepfestival or blicketbash and nothing else.",prompt_0,fepfestival/blicketbash,fepfestival
3733,134,temporal,hence,before,,4,fepfestival,gextravaganza,"David said, ""fepfestival happened. Hence, gextravaganza occurred."" From this, which event started first? Answer either with fepfestival or gextravaganza and nothing else.",prompt_0,fepfestival/gextravaganza,fepfestival
3734,135,temporal,hence,after,,5,wugfest,gextravaganza,"Daniel said, ""wugfest happened. Hence, gextravaganza took place."" From this, which event started first? Answer either with wugfest or gextravaganza and nothing else.",prompt_0,wugfest/gextravaganza,wugfest
3735,136,temporal,hence,before,,6,daxday,blicketbash,"Emily said, ""daxday occurred. Hence, blicketbash happened."" From this, which event started first? Answer either with daxday or blicketbash and nothing else.",prompt_0,daxday/blicketbash,daxday
3736,137,temporal,hence,before,,7,wugfest,daxday,"John said, ""wugfest happened. Hence, daxday took place."" From this, which event started first? Answer either with wugfest or daxday and nothing else.",prompt_0,wugfest/daxday,wugfest
3737,138,temporal,hence,before,,8,daxday,fepfestival,"Cameron said, ""daxday took place. Hence, fepfestival occurred."" From this, which event started first? Answer either with daxday or fepfestival and nothing else.",prompt_0,daxday/fepfestival,daxday
3738,139,temporal,hence,after,,9,wugfest,blicketbash,"Adam said, ""wugfest took place. Hence, blicketbash happened."" From this, which event started first? Answer either with wugfest or blicketbash and nothing else.",prompt_0,wugfest/blicketbash,wugfest
3739,140,temporal,hence,after,,10,blicketbash,gextravaganza,"Megan said, ""blicketbash took place. Hence, gextravaganza occurred."" From this, which event started first? Answer either with blicketbash or gextravaganza and nothing else.",prompt_0,blicketbash/gextravaganza,blicketbash
3740,141,temporal,later,after,,1,wugfest,fepfestival,"Erica said, ""wugfest happened. Later, fepfestival occurred."" From this, which event started first? Answer either with wugfest or fepfestival and nothing else.",prompt_0,wugfest/fepfestival,wugfest
3741,142,temporal,later,after,,2,daxday,fepfestival,"Jessica said, ""daxday occurred. Later, fepfestival happened."" From this, which event started first? Answer either with daxday or fepfestival and nothing else.",prompt_0,daxday/fepfestival,daxday
3742,143,temporal,later,before,,3,wugfest,blicketbash,"Lucy said, ""wugfest occurred. Later, blicketbash happened."" From this, which event started first? Answer either with wugfest or blicketbash and nothing else.",prompt_0,wugfest/blicketbash,wugfest
3743,144,temporal,later,before,,4,daxday,blicketbash,"David said, ""daxday occurred. Later, blicketbash took place."" From this, which event started first? Answer either with daxday or blicketbash and nothing else.",prompt_0,daxday/blicketbash,daxday
3744,145,temporal,later,after,,5,blicketbash,gextravaganza,"Daniel said, ""blicketbash took place. Later, gextravaganza occurred."" From this, which event started first? Answer either with blicketbash or gextravaganza and nothing else.",prompt_0,blicketbash/gextravaganza,blicketbash
3745,146,temporal,later,before,,6,fepfestival,gextravaganza,"Emily said, ""fepfestival happened. Later, gextravaganza took place."" From this, which event started first? Answer either with fepfestival or gextravaganza and nothing else.",prompt_0,fepfestival/gextravaganza,fepfestival
3746,147,temporal,later,after,,7,wugfest,daxday,"John said, ""wugfest happened. Later, daxday occurred."" From this, which event started first? Answer either with wugfest or daxday and nothing else.",prompt_0,wugfest/daxday,wugfest
3747,148,temporal,later,before,,8,fepfestival,blicketbash,"Cameron said, ""fepfestival happened. Later, blicketbash took place."" From this, which event started first? Answer either with fepfestival or blicketbash and nothing else.",prompt_0,fepfestival/blicketbash,fepfestival
3748,149,temporal,later,before,,9,daxday,gextravaganza,"Adam said, ""daxday took place. Later, gextravaganza occurred."" From this, which event started first? Answer either with daxday or gextravaganza and nothing else.",prompt_0,daxday/gextravaganza,daxday
3749,150,temporal,later,before,,10,wugfest,gextravaganza,"Megan said, ""wugfest took place. Later, gextravaganza occurred."" From this, which event started first? Answer either with wugfest or gextravaganza and nothing else.",prompt_0,wugfest/gextravaganza,wugfest
3750,151,temporal,next,before,,1,wugfest,fepfestival,"Erica said, ""wugfest happened. Next, fepfestival took place."" From this, which event started first? Answer either with wugfest or fepfestival and nothing else.",prompt_0,wugfest/fepfestival,wugfest
3751,152,temporal,next,before,,2,daxday,blicketbash,"Jessica said, ""daxday happened. Next, blicketbash took place."" From this, which event started first? Answer either with daxday or blicketbash and nothing else.",prompt_0,daxday/blicketbash,daxday
3752,153,temporal,next,before,,3,wugfest,daxday,"Lucy said, ""wugfest happened. Next, daxday occurred."" From this, which event started first? Answer either with wugfest or daxday and nothing else.",prompt_0,wugfest/daxday,wugfest
3753,154,temporal,next,after,,4,wugfest,blicketbash,"David said, ""wugfest happened. Next, blicketbash occurred."" From this, which event started first? Answer either with wugfest or blicketbash and nothing else.",prompt_0,wugfest/blicketbash,wugfest
3754,155,temporal,next,before,,5,wugfest,gextravaganza,"Daniel said, ""wugfest happened. Next, gextravaganza occurred."" From this, which event started first? Answer either with wugfest or gextravaganza and nothing else.",prompt_0,wugfest/gextravaganza,wugfest
3755,156,temporal,next,before,,6,blicketbash,gextravaganza,"Emily said, ""blicketbash occurred. Next, gextravaganza happened."" From this, which event started first? Answer either with blicketbash or gextravaganza and nothing else.",prompt_0,blicketbash/gextravaganza,blicketbash
3756,157,temporal,next,after,,7,fepfestival,blicketbash,"John said, ""fepfestival occurred. Next, blicketbash happened."" From this, which event started first? Answer either with fepfestival or blicketbash and nothing else.",prompt_0,fepfestival/blicketbash,fepfestival
3757,158,temporal,next,before,,8,daxday,gextravaganza,"Cameron said, ""daxday happened. Next, gextravaganza took place."" From this, which event started first? Answer either with daxday or gextravaganza and nothing else.",prompt_0,daxday/gextravaganza,daxday
3758,159,temporal,next,after,,9,fepfestival,gextravaganza,"Adam said, ""fepfestival happened. Next, gextravaganza took place."" From this, which event started first? Answer either with fepfestival or gextravaganza and nothing else.",prompt_0,fepfestival/gextravaganza,fepfestival
3759,160,temporal,next,before,,10,daxday,fepfestival,"Megan said, ""daxday happened. Next, fepfestival occurred."" From this, which event started first? Answer either with daxday or fepfestival and nothing else.",prompt_0,daxday/fepfestival,daxday
3760,161,temporal,once,before,,1,daxday,fepfestival,"Erica said, ""Once fepfestival took place, daxday happened."" From this, which event started first? Answer either with daxday or fepfestival and nothing else.",prompt_0,daxday/fepfestival,fepfestival
3761,162,temporal,once,after,,2,wugfest,gextravaganza,"Jessica said, ""wugfest occurred once gextravaganza happened."" From this, which event started first? Answer either with wugfest or gextravaganza and nothing else.",prompt_0,wugfest/gextravaganza,gextravaganza
3762,163,temporal,once,before,,3,fepfestival,gextravaganza,"Lucy said, ""Once gextravaganza occurred, fepfestival happened."" From this, which event started first? Answer either with fepfestival or gextravaganza and nothing else.",prompt_0,fepfestival/gextravaganza,gextravaganza
3763,164,temporal,once,before,,4,daxday,blicketbash,"David said, ""daxday occurred once blicketbash took place."" From this, which event started first? Answer either with daxday or blicketbash and nothing else.",prompt_0,daxday/blicketbash,blicketbash
3764,165,temporal,once,before,,5,daxday,gextravaganza,"Daniel said, ""Once gextravaganza occurred, daxday happened."" From this, which event started first? Answer either with daxday or gextravaganza and nothing else.",prompt_0,daxday/gextravaganza,gextravaganza
3765,166,temporal,once,after,,6,wugfest,fepfestival,"Emily said, ""Once fepfestival occurred, wugfest took place."" From this, which event started first? Answer either with wugfest or fepfestival and nothing else.",prompt_0,wugfest/fepfestival,fepfestival
3766,167,temporal,once,after,,7,blicketbash,gextravaganza,"John said, ""blicketbash occurred once gextravaganza took place."" From this, which event started first? Answer either with blicketbash or gextravaganza and nothing else.",prompt_0,blicketbash/gextravaganza,gextravaganza
3767,168,temporal,once,before,,8,fepfestival,blicketbash,"Cameron said, ""Once blicketbash happened, fepfestival occurred."" From this, which event started first? Answer either with fepfestival or blicketbash and nothing else.",prompt_0,fepfestival/blicketbash,blicketbash
3768,169,temporal,once,before,,9,wugfest,blicketbash,"Adam said, ""wugfest happened once blicketbash occurred."" From this, which event started first? Answer either with wugfest or blicketbash and nothing else.",prompt_0,wugfest/blicketbash,blicketbash
3769,170,temporal,once,after,,10,wugfest,daxday,"Megan said, ""Once daxday happened, wugfest took place."" From this, which event started first? Answer either with wugfest or daxday and nothing else.",prompt_0,wugfest/daxday,daxday
3770,171,temporal,previously,after,,1,wugfest,blicketbash,"Erica said, ""wugfest occurred. Previously, blicketbash happened."" From this, which event started first? Answer either with wugfest or blicketbash and nothing else.",prompt_0,wugfest/blicketbash,blicketbash
3771,172,temporal,previously,after,,2,daxday,gextravaganza,"Jessica said, ""daxday occurred. Previously, gextravaganza took place."" From this, which event started first? Answer either with daxday or gextravaganza and nothing else.",prompt_0,daxday/gextravaganza,gextravaganza
3772,173,temporal,previously,before,,3,fepfestival,blicketbash,"Lucy said, ""fepfestival took place. Previously, blicketbash happened."" From this, which event started first? Answer either with fepfestival or blicketbash and nothing else.",prompt_0,fepfestival/blicketbash,blicketbash
3773,174,temporal,previously,before,,4,daxday,fepfestival,"David said, ""daxday occurred. Previously, fepfestival happened."" From this, which event started first? Answer either with daxday or fepfestival and nothing else.",prompt_0,daxday/fepfestival,fepfestival
3774,175,temporal,previously,after,,5,blicketbash,gextravaganza,"Daniel said, ""blicketbash happened. Previously, gextravaganza took place."" From this, which event started first? Answer either with blicketbash or gextravaganza and nothing else.",prompt_0,blicketbash/gextravaganza,gextravaganza
3775,176,temporal,previously,after,,6,wugfest,fepfestival,"Emily said, ""wugfest happened. Previously, fepfestival took place."" From this, which event started first? Answer either with wugfest or fepfestival and nothing else.",prompt_0,wugfest/fepfestival,fepfestival
3776,177,temporal,previously,after,,7,wugfest,daxday,"John said, ""wugfest happened. Previously, daxday occurred."" From this, which event started first? Answer either with wugfest or daxday and nothing else.",prompt_0,wugfest/daxday,daxday
3777,178,temporal,previously,after,,8,wugfest,gextravaganza,"Cameron said, ""wugfest occurred. Previously, gextravaganza took place."" From this, which event started first? Answer either with wugfest or gextravaganza and nothing else.",prompt_0,wugfest/gextravaganza,gextravaganza
3778,179,temporal,previously,before,,9,fepfestival,gextravaganza,"Adam said, ""fepfestival happened. Previously, gextravaganza took place."" From this, which event started first? Answer either with fepfestival or gextravaganza and nothing else.",prompt_0,fepfestival/gextravaganza,gextravaganza
3779,180,temporal,previously,before,,10,daxday,blicketbash,"Megan said, ""daxday occurred. Previously, blicketbash took place."" From this, which event started first? Answer either with daxday or blicketbash and nothing else.",prompt_0,daxday/blicketbash,blicketbash
3780,181,temporal,since,before,,1,wugfest,fepfestival,"Erica said, ""wugfest took place since fepfestival occurred."" From this, which event started first? Answer either with wugfest or fepfestival and nothing else.",prompt_0,wugfest/fepfestival,fepfestival
3781,182,temporal,since,after,,2,wugfest,daxday,"Jessica said, ""Since daxday took place, wugfest occurred."" From this, which event started first? Answer either with wugfest or daxday and nothing else.",prompt_0,wugfest/daxday,daxday
3782,183,temporal,since,after,,3,wugfest,gextravaganza,"Lucy said, ""Since gextravaganza took place, wugfest occurred."" From this, which event started first? Answer either with wugfest or gextravaganza and nothing else.",prompt_0,wugfest/gextravaganza,gextravaganza
3783,184,temporal,since,before,,4,fepfestival,blicketbash,"David said, ""Since blicketbash happened, fepfestival occurred."" From this, which event started first? Answer either with fepfestival or blicketbash and nothing else.",prompt_0,fepfestival/blicketbash,blicketbash
3784,185,temporal,since,before,,5,daxday,gextravaganza,"Daniel said, ""Since gextravaganza took place, daxday happened."" From this, which event started first? Answer either with daxday or gextravaganza and nothing else.",prompt_0,daxday/gextravaganza,gextravaganza
3785,186,temporal,since,after,,6,daxday,fepfestival,"Emily said, ""Since fepfestival occurred, daxday happened."" From this, which event started first? Answer either with daxday or fepfestival and nothing else.",prompt_0,daxday/fepfestival,fepfestival
3786,187,temporal,since,after,,7,daxday,blicketbash,"John said, ""daxday occurred since blicketbash took place."" From this, which event started first? Answer either with daxday or blicketbash and nothing else.",prompt_0,daxday/blicketbash,blicketbash
3787,188,temporal,since,after,,8,fepfestival,gextravaganza,"Cameron said, ""fepfestival happened since gextravaganza occurred."" From this, which event started first? Answer either with fepfestival or gextravaganza and nothing else.",prompt_0,fepfestival/gextravaganza,gextravaganza
3788,189,temporal,since,after,,9,wugfest,blicketbash,"Adam said, ""Since blicketbash took place, wugfest happened."" From this, which event started first? Answer either with wugfest or blicketbash and nothing else.",prompt_0,wugfest/blicketbash,blicketbash
3789,190,temporal,since,before,,10,blicketbash,gextravaganza,"Megan said, ""Since gextravaganza took place, blicketbash occurred."" From this, which event started first? Answer either with blicketbash or gextravaganza and nothing else.",prompt_0,blicketbash/gextravaganza,gextravaganza
3790,191,temporal,so,after,,1,wugfest,blicketbash,"Erica said, ""wugfest took place. So, blicketbash occurred."" From this, which event started first? Answer either with wugfest or blicketbash and nothing else.",prompt_0,wugfest/blicketbash,wugfest
3791,192,temporal,so,before,,2,daxday,blicketbash,"Jessica said, ""daxday occurred. So, blicketbash happened."" From this, which event started first? Answer either with daxday or blicketbash and nothing else.",prompt_0,daxday/blicketbash,daxday
3792,193,temporal,so,before,,3,blicketbash,gextravaganza,"Lucy said, ""blicketbash happened. So, gextravaganza occurred."" From this, which event started first? Answer either with blicketbash or gextravaganza and nothing else.",prompt_0,blicketbash/gextravaganza,blicketbash
3793,194,temporal,so,after,,4,wugfest,fepfestival,"David said, ""wugfest took place. So, fepfestival happened."" From this, which event started first? Answer either with wugfest or fepfestival and nothing else.",prompt_0,wugfest/fepfestival,wugfest
3794,195,temporal,so,after,,5,wugfest,gextravaganza,"Daniel said, ""wugfest took place. So, gextravaganza occurred."" From this, which event started first? Answer either with wugfest or gextravaganza and nothing else.",prompt_0,wugfest/gextravaganza,wugfest
3795,196,temporal,so,before,,6,fepfestival,gextravaganza,"Emily said, ""fepfestival took place. So, gextravaganza occurred."" From this, which event started first? Answer either with fepfestival or gextravaganza and nothing else.",prompt_0,fepfestival/gextravaganza,fepfestival
3796,197,temporal,so,before,,7,fepfestival,blicketbash,"John said, ""fepfestival happened. So, blicketbash occurred."" From this, which event started first? Answer either with fepfestival or blicketbash and nothing else.",prompt_0,fepfestival/blicketbash,fepfestival
3797,198,temporal,so,before,,8,daxday,gextravaganza,"Cameron said, ""daxday occurred. So, gextravaganza took place."" From this, which event started first? Answer either with daxday or gextravaganza and nothing else.",prompt_0,daxday/gextravaganza,daxday
3798,199,temporal,so,before,,9,daxday,fepfestival,"Adam said, ""daxday happened. So, fepfestival took place."" From this, which event started first? Answer either with daxday or fepfestival and nothing else.",prompt_0,daxday/fepfestival,daxday
3799,200,temporal,so,after,,10,wugfest,daxday,"Megan said, ""wugfest occurred. So, daxday happened."" From this, which event started first? Answer either with wugfest or daxday and nothing else.",prompt_0,wugfest/daxday,wugfest
3800,201,temporal,subsequently,after,,1,fepfestival,gextravaganza,"Erica said, ""fepfestival occurred. Subsequently, gextravaganza took place."" From this, which event started first? Answer either with fepfestival or gextravaganza and nothing else.",prompt_0,fepfestival/gextravaganza,fepfestival
3801,202,temporal,subsequently,before,,2,wugfest,gextravaganza,"Jessica said, ""wugfest took place. Subsequently, gextravaganza occurred."" From this, which event started first? Answer either with wugfest or gextravaganza and nothing else.",prompt_0,wugfest/gextravaganza,wugfest
3802,203,temporal,subsequently,after,,3,wugfest,daxday,"Lucy said, ""wugfest happened. Subsequently, daxday occurred."" From this, which event started first? Answer either with wugfest or daxday and nothing else.",prompt_0,wugfest/daxday,wugfest
3803,204,temporal,subsequently,before,,4,daxday,blicketbash,"David said, ""daxday occurred. Subsequently, blicketbash took place."" From this, which event started first? Answer either with daxday or blicketbash and nothing else.",prompt_0,daxday/blicketbash,daxday
3804,205,temporal,subsequently,before,,5,daxday,fepfestival,"Daniel said, ""daxday occurred. Subsequently, fepfestival happened."" From this, which event started first? Answer either with daxday or fepfestival and nothing else.",prompt_0,daxday/fepfestival,daxday
3805,206,temporal,subsequently,after,,6,fepfestival,blicketbash,"Emily said, ""fepfestival happened. Subsequently, blicketbash occurred."" From this, which event started first? Answer either with fepfestival or blicketbash and nothing else.",prompt_0,fepfestival/blicketbash,fepfestival
3806,207,temporal,subsequently,after,,7,blicketbash,gextravaganza,"John said, ""blicketbash occurred. Subsequently, gextravaganza happened."" From this, which event started first? Answer either with blicketbash or gextravaganza and nothing else.",prompt_0,blicketbash/gextravaganza,blicketbash
3807,208,temporal,subsequently,before,,8,daxday,gextravaganza,"Cameron said, ""daxday happened. Subsequently, gextravaganza took place."" From this, which event started first? Answer either with daxday or gextravaganza and nothing else.",prompt_0,daxday/gextravaganza,daxday
3808,209,temporal,subsequently,after,,9,wugfest,fepfestival,"Adam said, ""wugfest happened. Subsequently, fepfestival took place."" From this, which event started first? Answer either with wugfest or fepfestival and nothing else.",prompt_0,wugfest/fepfestival,wugfest
3809,210,temporal,subsequently,before,,10,wugfest,blicketbash,"Megan said, ""wugfest occurred. Subsequently, blicketbash happened."" From this, which event started first? Answer either with wugfest or blicketbash and nothing else.",prompt_0,wugfest/blicketbash,wugfest
3810,211,temporal,then,before,,1,daxday,fepfestival,"Erica said, ""daxday occurred. Then, fepfestival happened."" From this, which event started first? Answer either with daxday or fepfestival and nothing else.",prompt_0,daxday/fepfestival,daxday
3811,212,temporal,then,before,,2,fepfestival,gextravaganza,"Jessica said, ""fepfestival occurred. Then, gextravaganza took place."" From this, which event started first? Answer either with fepfestival or gextravaganza and nothing else.",prompt_0,fepfestival/gextravaganza,fepfestival
3812,213,temporal,then,after,,3,daxday,gextravaganza,"Lucy said, ""daxday occurred. Then, gextravaganza happened."" From this, which event started first? Answer either with daxday or gextravaganza and nothing else.",prompt_0,daxday/gextravaganza,daxday
3813,214,temporal,then,after,,4,daxday,blicketbash,"David said, ""daxday occurred. Then, blicketbash happened."" From this, which event started first? Answer either with daxday or blicketbash and nothing else.",prompt_0,daxday/blicketbash,daxday
3814,215,temporal,then,after,,5,wugfest,fepfestival,"Daniel said, ""wugfest took place. Then, fepfestival happened."" From this, which event started first? Answer either with wugfest or fepfestival and nothing else.",prompt_0,wugfest/fepfestival,wugfest
3815,216,temporal,then,before,,6,blicketbash,gextravaganza,"Emily said, ""blicketbash occurred. Then, gextravaganza happened."" From this, which event started first? Answer either with blicketbash or gextravaganza and nothing else.",prompt_0,blicketbash/gextravaganza,blicketbash
3816,217,temporal,then,after,,7,wugfest,blicketbash,"John said, ""wugfest occurred. Then, blicketbash happened."" From this, which event started first? Answer either with wugfest or blicketbash and nothing else.",prompt_0,wugfest/blicketbash,wugfest
3817,218,temporal,then,after,,8,fepfestival,blicketbash,"Cameron said, ""fepfestival took place. Then, blicketbash happened."" From this, which event started first? Answer either with fepfestival or blicketbash and nothing else.",prompt_0,fepfestival/blicketbash,fepfestival
3818,219,temporal,then,before,,9,wugfest,daxday,"Adam said, ""wugfest took place. Then, daxday happened."" From this, which event started first? Answer either with wugfest or daxday and nothing else.",prompt_0,wugfest/daxday,wugfest
3819,220,temporal,then,after,,10,wugfest,gextravaganza,"Megan said, ""wugfest occurred. Then, gextravaganza took place."" From this, which event started first? Answer either with wugfest or gextravaganza and nothing else.",prompt_0,wugfest/gextravaganza,wugfest
3820,221,temporal,thereafter,after,,1,wugfest,daxday,"Erica said, ""daxday occurred. Thereafter, wugfest took place."" From this, which event started first? Answer either with wugfest or daxday and nothing else.",prompt_0,wugfest/daxday,daxday
3821,222,temporal,thereafter,before,,2,daxday,gextravaganza,"Jessica said, ""gextravaganza occurred. Thereafter, daxday took place."" From this, which event started first? Answer either with daxday or gextravaganza and nothing else.",prompt_0,daxday/gextravaganza,gextravaganza
3822,223,temporal,thereafter,before,,3,wugfest,blicketbash,"Lucy said, ""blicketbash took place. Thereafter, wugfest occurred."" From this, which event started first? Answer either with wugfest or blicketbash and nothing else.",prompt_0,wugfest/blicketbash,blicketbash
3823,224,temporal,thereafter,before,,4,fepfestival,gextravaganza,"David said, ""gextravaganza happened. Thereafter, fepfestival took place."" From this, which event started first? Answer either with fepfestival or gextravaganza and nothing else.",prompt_0,fepfestival/gextravaganza,gextravaganza
3824,225,temporal,thereafter,before,,5,wugfest,fepfestival,"Daniel said, ""fepfestival happened. Thereafter, wugfest occurred."" From this, which event started first? Answer either with wugfest or fepfestival and nothing else.",prompt_0,wugfest/fepfestival,fepfestival
3825,226,temporal,thereafter,after,,6,wugfest,gextravaganza,"Emily said, ""gextravaganza took place. Thereafter, wugfest occurred."" From this, which event started first? Answer either with wugfest or gextravaganza and nothing else.",prompt_0,wugfest/gextravaganza,gextravaganza
3826,227,temporal,thereafter,after,,7,blicketbash,gextravaganza,"John said, ""gextravaganza took place. Thereafter, blicketbash occurred."" From this, which event started first? Answer either with blicketbash or gextravaganza and nothing else.",prompt_0,blicketbash/gextravaganza,gextravaganza
3827,228,temporal,thereafter,before,,8,daxday,fepfestival,"Cameron said, ""fepfestival happened. Thereafter, daxday occurred."" From this, which event started first? Answer either with daxday or fepfestival and nothing else.",prompt_0,daxday/fepfestival,fepfestival
3828,229,temporal,thereafter,after,,9,fepfestival,blicketbash,"Adam said, ""blicketbash took place. Thereafter, fepfestival occurred."" From this, which event started first? Answer either with fepfestival or blicketbash and nothing else.",prompt_0,fepfestival/blicketbash,blicketbash
3829,230,temporal,thereafter,before,,10,daxday,blicketbash,"Megan said, ""blicketbash occurred. Thereafter, daxday happened."" From this, which event started first? Answer either with daxday or blicketbash and nothing else.",prompt_0,daxday/blicketbash,blicketbash
3830,231,temporal,therefore,before,,1,daxday,gextravaganza,"Erica said, ""daxday took place. Therefore, gextravaganza happened."" From this, which event started first? Answer either with daxday or gextravaganza and nothing else.",prompt_0,daxday/gextravaganza,daxday
3831,232,temporal,therefore,before,,2,daxday,blicketbash,"Jessica said, ""daxday occurred. Therefore, blicketbash took place."" From this, which event started first? Answer either with daxday or blicketbash and nothing else.",prompt_0,daxday/blicketbash,daxday
3832,233,temporal,therefore,after,,3,wugfest,daxday,"Lucy said, ""wugfest occurred. Therefore, daxday happened."" From this, which event started first? Answer either with wugfest or daxday and nothing else.",prompt_0,wugfest/daxday,wugfest
3833,234,temporal,therefore,after,,4,wugfest,blicketbash,"David said, ""wugfest occurred. Therefore, blicketbash took place."" From this, which event started first? Answer either with wugfest or blicketbash and nothing else.",prompt_0,wugfest/blicketbash,wugfest
3834,235,temporal,therefore,before,,5,wugfest,gextravaganza,"Daniel said, ""wugfest occurred. Therefore, gextravaganza happened."" From this, which event started first? Answer either with wugfest or gextravaganza and nothing else.",prompt_0,wugfest/gextravaganza,wugfest
3835,236,temporal,therefore,after,,6,daxday,fepfestival,"Emily said, ""daxday occurred. Therefore, fepfestival happened."" From this, which event started first? Answer either with daxday or fepfestival and nothing else.",prompt_0,daxday/fepfestival,daxday
3836,237,temporal,therefore,after,,7,wugfest,fepfestival,"John said, ""wugfest happened. Therefore, fepfestival took place."" From this, which event started first? Answer either with wugfest or fepfestival and nothing else.",prompt_0,wugfest/fepfestival,wugfest
3837,238,temporal,therefore,before,,8,blicketbash,gextravaganza,"Cameron said, ""blicketbash took place. Therefore, gextravaganza happened."" From this, which event started first? Answer either with blicketbash or gextravaganza and nothing else.",prompt_0,blicketbash/gextravaganza,blicketbash
3838,239,temporal,therefore,after,,9,fepfestival,gextravaganza,"Adam said, ""fepfestival took place. Therefore, gextravaganza occurred."" From this, which event started first? Answer either with fepfestival or gextravaganza and nothing else.",prompt_0,fepfestival/gextravaganza,fepfestival
3839,240,temporal,therefore,after,,10,fepfestival,blicketbash,"Megan said, ""fepfestival happened. Therefore, blicketbash took place."" From this, which event started first? Answer either with fepfestival or blicketbash and nothing else.",prompt_0,fepfestival/blicketbash,fepfestival
