type,connective,premise,inference_A,inference_B,choice
instantiation,such as,"I find feps such as blickets, to be cute.",feps are blickets.,blickets are feps.,2
temporal,hence,"daxday happened. Hence, fepfestival happened.",daxday occurred before fepfestival.,fepfestival occurred before daxday.,1
temporal,even before,gekxtravaganza happened even before wugfest.,wugfest occurred before gekxtravaganza.,gekxtravaganza occurred before wugfest.,2
preference,for instance,"I love snowy winters. For instance, I prefer Daxburgh to Blicketland.",Daxburgh has snowy winters.,Blicketland has snowy winters.,1
preference,as a result,"I hate snowy winters. As a result, I prefer Fepopolis to Blicketland.",Fepopolis has snowy winters.,Blicketland has snowy winters.,2
instantiation,for example,"I like wugs, for example, feps are nice.",wugs are feps.,feps are wugs.,2
preference,although,"I prefer Daxburgh to Gektopia, although I love warm weather.",Daxburgh does not have warm weather.,Gektopia does not have warm weather.,1
preference,as much as,"As much as I hate mammals, I prefer wugs to feps.",wugs are mammals.,feps are mammals.,1
instantiation,for example,"I like wugs, for example, blickets are nice.",wugs are blickets.,blickets are wugs.,2
temporal,subsequently,"wugfest happened. Subsequently, gekxtravaganza happened.",wugfest occurred before gekxtravaganza.,gekxtravaganza occurred before wugfest.,1
preference,as a result,"I love blue flowers. As a result, I prefer feps to blickets.",feps are blue flowers.,blickets are blue flowers.,1
preference,so,"I love blue flowers. So, I prefer daxes to blickets.",daxes are blue flowers.,blickets are blue flowers.,1
preference,for,"I prefer Wugsville to Gektopia, for I love skyscrapers.",Wugsville has skyscrapers.,Gektopia has skyscrapers.,1
preference,for,"I prefer Daxburgh to Fepopolis, for I hate living near mountains.",Daxburgh has mountains.,Fepopolis has mountains.,2
temporal,even though,"Even though blicketbash had happened, wugfest happened.",wugfest occurred before blicketbash.,blicketbash occurred before wugfest.,2
preference,thus,"I hate skyscrapers. Thus, I prefer Wugsville to Gektopia.",Wugsville has skyscrapers.,Gektopia has skyscrapers.,2
preference,so,"I love living near mountains. So, I prefer Wugsville to Daxburgh.",Wugsville has mountains.,Daxburgh has mountains.,1
preference,although,"I prefer Blicketland to Gektopia, although I hate snowy winters.",Blicketland has snowy winters.,Gektopia has snowy winters.,1
instantiation,such as,"I find daxes such as feps, to be awful.",daxes are feps.,feps are daxes.,2
preference,therefore,"I hate living near mountains. Therefore, I prefer Wugsville to Daxburgh.",Wugsville has mountains.,Daxburgh has mountains.,2
temporal,thereafter,"daxday happened. Thereafter, gekxtravaganza happened.",daxday occurred after gekxtravaganza.,gekxtravaganza occurred after daxday.,2
preference,since,"I prefer Daxburgh to Blicketland, since I hate coastal cities.",Daxburgh is a coastal city.,Blicketland is a coastal city.,2
preference,nevertheless,"I hate skyscrapers, nevertheless, I prefer Daxburgh to Gektopia.",Daxburgh has skyscrapers.,Gektopia has skyscrapers.,1
preference,but,"I prefer wugs to daxes, but I hate blue flowers.",wugs are blue flowers.,daxes are blue flowers.,1
preference,although,"Although I prefer wugs to geks, I hate fuzzy creatures.",wugs are fuzzy creatures.,geks are fuzzy creatures.,1
instantiation,for instance,"I like feps, for instance, geks are nice.",feps are geks.,geks are feps.,2
preference,for example,"I love insects. For example, I prefer wugs to feps.",wugs are insects.,feps are insects.,1
temporal,earlier,"wugfest happened. Earlier, daxday had happened.",wugfest occurred before daxday.,daxday occurred before wugfest.,2
preference,for,"I prefer Fepopolis to Blicketland, for I love snowy winters.",Fepopolis has snowy winters.,Blicketland has snowy winters.,1
preference,so,"I hate snowy winters. So, I prefer Daxburgh to Fepopolis.",Daxburgh has snowy winters.,Fepopolis has snowy winters.,2
preference,since,"I prefer feps to geks, since I love bass instruments.",feps are bass instruments.,geks are bass instruments.,1
preference,even though,"I hate insects, even though I prefer daxes to feps.",daxes are insects.,feps are insects.,1
preference,even though,"I prefer blickets to geks, even though I hate fuzzy creatures.",blickets are fuzzy creatures.,geks are fuzzy creatures.,1
preference,yet,"I hate coastal cities, yet I prefer Daxburgh to Fepopolis.",Daxburgh is a coastal city.,Fepopolis is a coastal city.,1
instantiation,such as,"I find daxes such as blickets, to be awful.",daxes are blickets.,blickets are daxes.,2
preference,since,"I prefer Daxburgh to Gektopia, since I hate skyscrapers.",Daxburgh has skyscrapers.,Gektopia has skyscrapers.,2
preference,nevertheless,"I hate coastal cities, nevertheless, I prefer Fepopolis to Gektopia.",Fepopolis is a coastal city.,Gektopia is a coastal city.,1
temporal,then,"wugfest happened. Then, daxday happened.",wugfest occurred before daxday.,daxday occurred before wugfest.,1
temporal,as a result,daxday happened as a result of wugfest.,wugfest occurred after daxday.,daxday occurred after wugfest.,2
preference,so,"I hate warm weather. So, I prefer Fepopolis to Blicketland.",Fepopolis has warm weather.,Blicketland has warm weather.,2
preference,for instance,"I love blue flowers. For instance, I prefer daxes to geks.",daxes are blue flowers.,geks are blue flowers.,1
preference,as,"I prefer wugs to geks, as I hate blue flowers.",wugs are blue flowers.,geks are blue flowers.,2
instantiation,for instance,"I hate daxes, for instance, feps are awful.",daxes are feps.,feps are daxes.,2
preference,so,"I love skyscrapers. So, I prefer Wugsville to Blicketland.",Wugsville has skyscrapers.,Blicketland has skyscrapers.,1
instantiation,in particular,"I find wugs, in particular, geks to be cute.",wugs are geks.,geks are wugs.,2
preference,for instance,"I hate warm weather. For instance, I prefer Wugsville to Fepopolis.",Wugsville has warm weather.,Fepopolis has warm weather.,2
temporal,previously,"daxday happened. Previously, gekxtravaganza happened.",daxday occurred after gekxtravaganza.,gekxtravaganza occurred after daxday.,1
preference,as,"I prefer Wugsville to Fepopolis, as I love skyscrapers.",Wugsville has skyscrapers.,Fepopolis has skyscrapers.,1
preference,but,"I prefer Wugsville to Daxburgh, but I hate living near mountains.",Wugsville has mountains.,Daxburgh has mountains.,1
temporal,then,"fepfestival happened. Then, blicketbash happened.",fepfestival occurred before blicketbash.,blicketbash occurred before fepfestival.,1
preference,so,"I hate insects. So, I prefer wugs to daxes.",wugs are insects.,daxes are insects.,2
temporal,consequently,"fepfestival happened. Consequently, blicketbash happened.",fepfestival occurred after blicketbash.,blicketbash occurred after fepfestival.,2
temporal,after,"After gekxtravaganza, fepfestival happened.",fepfestival occurred after gekxtravaganza.,gekxtravaganza occurred after fepfestival.,1
preference,but,"I hate insects, but I prefer daxes to geks.",daxes are insects.,geks are insects.,1
instantiation,such as,"I find blickets such as geks, to be cute.",blickets are geks.,geks are blickets.,2
instantiation,in particular,"I find daxes, in particular, blickets to be cute.",daxes are blickets.,blickets are daxes.,2
preference,though,"I prefer daxes to blickets, though I love bass instruments.",daxes are not bass instruments.,blickets are not bass instruments.,1
preference,as a result,"I love fuzzy creatures. As a result, I prefer wugs to feps.",wugs are fuzzy creatures.,feps are fuzzy creatures.,1
preference,as much as,"As much as I love fuzzy creatures, I prefer daxes to geks.",daxes are not fuzzy creatures.,geks are not fuzzy creatures.,1
preference,however,"I prefer Wugsville to Fepopolis, however, I hate skyscrapers.",Wugsville has skyscrapers.,Fepopolis has skyscrapers.,1
preference,however,"I prefer wugs to feps, however, I hate bass instruments.",wugs are bass instruments.,feps are bass instruments.,1
temporal,consequently,"wugfest happened. Consequently, fepfestival happened.",wugfest occurred before fepfestival.,fepfestival occurred before wugfest.,1
preference,yet,"I hate living near mountains, yet I prefer Fepopolis to Gektopia.",Fepopolis has mountains.,Gektopia has mountains.,1
instantiation,for example,"I hate feps, for example, geks are awful.",feps are geks.,geks are feps.,2
instantiation,such as,"I find wugs such as geks, to be cute.",wugs are geks.,geks are wugs.,2
preference,but,"I love snowy winters, but I prefer Daxburgh to Blicketland.",Daxburgh does not have snowy winters.,Blicketland does not have snowy winters.,1
preference,though,"Though I love fuzzy creatures, I prefer wugs to feps.",wugs are not fuzzy creatures.,feps are not fuzzy creatures.,1
preference,therefore,"I love skyscrapers. Therefore, I prefer Daxburgh to Gektopia.",Daxburgh has skyscrapers.,Gektopia has skyscrapers.,1
temporal,as a result,"daxday happened. As a result, fepfestival happened.",daxday occurred after fepfestival.,fepfestival occurred after daxday.,2
preference,while,"While I prefer Fepopolis to Blicketland, I hate warm weather.",Fepopolis has warm weather.,Blicketland has warm weather.,1
preference,for example,"I hate coastal cities. For example, I prefer Fepopolis to Gektopia.",Fepopolis is a coastal city.,Gektopia is a coastal city.,2
preference,for example,"I hate blue flowers. For example, I prefer blickets to geks.",blickets are blue flowers.,geks are blue flowers.,2
temporal,before,daxday happened before fepfestival.,daxday occurred after fepfestival.,fepfestival occurred after daxday.,2
instantiation,in particular,"I find daxes, in particular, feps to be cute.",daxes are feps.,feps are daxes.,2
preference,as a result,"I hate living near mountains. As a result, I prefer Fepopolis to Gektopia.",Fepopolis has mountains.,Gektopia has mountains.,2
preference,for,"I prefer Wugsville to Fepopolis, for I hate warm weather.",Wugsville has warm weather.,Fepopolis has warm weather.,2
instantiation,for instance,"I hate daxes, for instance, geks are awful.",daxes are geks.,geks are daxes.,2
preference,as a result,"I hate skyscrapers. As a result, I prefer Blicketland to Gektopia.",Blicketland has skyscrapers.,Gektopia has skyscrapers.,2
preference,so,"I love fuzzy creatures. So, I prefer wugs to blickets.",wugs are fuzzy creatures.,blickets are fuzzy creatures.,1
temporal,hence,"wugfest happened. Hence, fepfestival happened.",wugfest occurred after fepfestival.,fepfestival occurred after wugfest.,2
temporal,hence,"daxday happened. Hence, gekxtravaganza happened.",daxday occurred after gekxtravaganza.,gekxtravaganza occurred after daxday.,2
preference,though,"Though I prefer Fepopolis to Blicketland, I love skyscrapers.",Fepopolis does not have skyscrapers.,Blicketland does not have skyscrapers.,1
instantiation,for example,"I hate blickets, for example, geks are awful.",blickets are geks.,geks are blickets.,2
preference,though,"I hate snowy winters, though I prefer Daxburgh to Fepopolis.",Daxburgh has snowy winters.,Fepopolis has snowy winters.,1
preference,even though,"Even though I love living near mountains, I prefer Wugsville to Gektopia.",Wugsville does not have mountains.,Gektopia does not have mountains.,1
preference,for example,"I love mammals. For example, I prefer daxes to blickets.",daxes are mammals.,blickets are mammals.,1
instantiation,for instance,"I hate daxes, for instance, blickets are awful.",daxes are blickets.,blickets are daxes.,2
preference,but,"I prefer Daxburgh to Gektopia, but I love skyscrapers.",Daxburgh does not have skyscrapers.,Gektopia does not have skyscrapers.,1
instantiation,in particular,"I find wugs, in particular, blickets to be awful.",wugs are blickets.,blickets are wugs.,2
preference,for,"I prefer Daxburgh to Gektopia, for I love coastal cities.",Daxburgh is a coastal city.,Gektopia is a coastal city.,1
preference,however,"I prefer Wugsville to Gektopia, however, I hate snowy winters.",Wugsville has snowy winters.,Gektopia has snowy winters.,1
preference,even though,"I hate skyscrapers, even though I prefer Wugsville to Blicketland.",Wugsville has skyscrapers.,Blicketland has skyscrapers.,1
temporal,even though,"Even though gekxtravaganza had happened, blicketbash happened.",blicketbash occurred after gekxtravaganza.,gekxtravaganza occurred after blicketbash.,1
preference,although,"Although I love skyscrapers, I prefer Fepopolis to Gektopia.",Fepopolis does not have skyscrapers.,Gektopia does not have skyscrapers.,1
temporal,once,"Once daxday happened, wugfest happened.",wugfest occurred after daxday.,daxday occurred after wugfest.,1
preference,however,"I prefer daxes to feps, however, I love blue flowers.",daxes are not blue flowers.,feps are not blue flowers.,1
temporal,even after,"Even after blicketbash, wugfest happened.",wugfest occurred before blicketbash.,blicketbash occurred before wugfest.,2
preference,thus,"I hate living near mountains. Thus, I prefer Wugsville to Fepopolis.",Wugsville has mountains.,Fepopolis has mountains.,2
instantiation,for example,"I like daxes, for example, geks are nice.",daxes are geks.,geks are daxes.,2
preference,for example,"I love snowy winters. For example, I prefer Daxburgh to Blicketland.",Daxburgh has snowy winters.,Blicketland has snowy winters.,1
preference,nevertheless,"I love snowy winters, nevertheless, I prefer Daxburgh to Fepopolis.",Daxburgh does not have snowy winters.,Fepopolis does not have snowy winters.,1
preference,though,"Though I prefer wugs to blickets, I hate insects.",wugs are insects.,blickets are insects.,1
preference,as much as,"As much as I hate blue flowers, I prefer wugs to geks.",wugs are blue flowers.,geks are blue flowers.,1
temporal,later,"fepfestival happened. Later, blicketbash happened.",fepfestival occurred before blicketbash.,blicketbash occurred before fepfestival.,1
temporal,earlier,"wugfest happened. Earlier, fepfestival had happened.",wugfest occurred after fepfestival.,fepfestival occurred after wugfest.,1
instantiation,for example,"I like wugs, for example, daxes are nice.",wugs are daxes.,daxes are wugs.,2
preference,for,"I prefer wugs to geks, for I hate fuzzy creatures.",wugs are fuzzy creatures.,geks are fuzzy creatures.,2
temporal,even before,"Even before daxday, fepfestival happened.",daxday occurred before fepfestival.,fepfestival occurred before daxday.,2
preference,for,"I prefer daxes to geks, for I hate insects.",daxes are insects.,geks are insects.,2
preference,as,"I prefer Daxburgh to Gektopia, as I love living near mountains.",Daxburgh has mountains.,Gektopia has mountains.,1
temporal,earlier,"daxday happened. Earlier, blicketbash had happened.",daxday occurred before blicketbash.,blicketbash occurred before daxday.,2
preference,however,"I prefer blickets to geks, however, I love fuzzy creatures.",blickets are not fuzzy creatures.,geks are not fuzzy creatures.,1
preference,even though,"Even though I prefer Daxburgh to Gektopia, I hate coastal cities.",Daxburgh is a coastal city.,Gektopia is a coastal city.,1
preference,even though,"Even though I prefer Fepopolis to Blicketland, I love warm weather.",Fepopolis does not have warm weather.,Blicketland does not have warm weather.,1
preference,while,"While I hate coastal cities, I prefer Daxburgh to Gektopia.",Daxburgh is a coastal city.,Gektopia is a coastal city.,1
preference,for example,"I love living near mountains. For example, I prefer Blicketland to Gektopia.",Blicketland has mountains.,Gektopia has mountains.,1
temporal,consequently,"blicketbash happened. Consequently, gekxtravaganza happened.",blicketbash occurred after gekxtravaganza.,gekxtravaganza occurred after blicketbash.,2
preference,however,"I prefer Daxburgh to Gektopia, however, I hate coastal cities.",Daxburgh is a coastal city.,Gektopia is a coastal city.,1
preference,as much as,"As much as I hate bass instruments, I prefer wugs to blickets.",wugs are bass instruments.,blickets are bass instruments.,1
instantiation,for instance,"I hate wugs, for instance, daxes are awful.",wugs are daxes.,daxes are wugs.,2
preference,so,"I hate bass instruments. So, I prefer daxes to feps.",daxes are bass instruments.,feps are bass instruments.,2
preference,yet,"I love warm weather, yet I prefer Wugsville to Daxburgh.",Wugsville does not have warm weather.,Daxburgh does not have warm weather.,1
preference,as,"I prefer Wugsville to Blicketland, as I love snowy winters.",Wugsville has snowy winters.,Blicketland has snowy winters.,1
preference,yet,"I love fuzzy creatures, yet I prefer wugs to daxes.",wugs are not fuzzy creatures.,daxes are not fuzzy creatures.,1
preference,but,"I prefer Wugsville to Fepopolis, but I love warm weather.",Wugsville does not have warm weather.,Fepopolis does not have warm weather.,1
preference,for,"I prefer feps to blickets, for I love mammals.",feps are mammals.,blickets are mammals.,1
preference,yet,"I hate bass instruments, yet I prefer daxes to feps.",daxes are bass instruments.,feps are bass instruments.,1
preference,yet,"I love mammals, yet I prefer daxes to geks.",daxes are not mammals.,geks are not mammals.,1
temporal,once,"Once blicketbash happened, wugfest happened.",wugfest occurred after blicketbash.,blicketbash occurred after wugfest.,1
preference,therefore,"I hate mammals. Therefore, I prefer daxes to geks.",daxes are mammals.,geks are mammals.,2
preference,though,"Though I prefer Wugsville to Gektopia, I hate living near mountains.",Wugsville has mountains.,Gektopia has mountains.,1
temporal,subsequently,"daxday happened. Subsequently, gekxtravaganza happened.",daxday occurred after gekxtravaganza.,gekxtravaganza occurred after daxday.,2
preference,because,I prefer daxes to geks because I hate bass instruments.,daxes are bass instruments.,geks are bass instruments.,2
instantiation,for instance,"I like wugs, for instance, feps are nice.",wugs are feps.,feps are wugs.,2
preference,for instance,"I hate fuzzy creatures. For instance, I prefer blickets to geks.",blickets are fuzzy creatures.,geks are fuzzy creatures.,2
preference,since,"Since I love snowy winters, I prefer Blicketland to Gektopia.",Blicketland has snowy winters.,Gektopia has snowy winters.,1
instantiation,in particular,"I find wugs, in particular, feps to be awful.",wugs are feps.,feps are wugs.,2
preference,nevertheless,"I prefer wugs to geks, nevertheless, I love insects.",wugs are not insects.,geks are not insects.,1
preference,as a result,"I love warm weather. As a result, I prefer Wugsville to Gektopia.",Wugsville has warm weather.,Gektopia has warm weather.,1
preference,as a result,"I hate mammals. As a result, I prefer daxes to feps.",daxes are mammals.,feps are mammals.,2
temporal,earlier,"wugfest happened. Earlier, blicketbash had happened.",wugfest occurred after blicketbash.,blicketbash occurred after wugfest.,1
preference,for example,"I hate bass instruments. For example, I prefer daxes to geks.",daxes are bass instruments.,geks are bass instruments.,2
preference,thus,"I hate coastal cities. Thus, I prefer Wugsville to Daxburgh.",Wugsville is a coastal city.,Daxburgh is a coastal city.,2
preference,because,"Because I hate insects, I prefer wugs to geks.",wugs are insects.,geks are insects.,2
preference,but,"I prefer blickets to geks, but I hate bass instruments.",blickets are bass instruments.,geks are bass instruments.,1
preference,because,I prefer Blicketland to Gektopia because I love warm weather.,Blicketland has warm weather.,Gektopia has warm weather.,1
temporal,after,wugfest happened after blicketbash.,wugfest occurred before blicketbash.,blicketbash occurred before wugfest.,2
preference,since,"Since I love blue flowers, I prefer wugs to feps.",wugs are blue flowers.,feps are blue flowers.,1
temporal,since,"Since fepfestival happened, wugfest happened.",wugfest occurred before fepfestival.,fepfestival occurred before wugfest.,2
preference,however,"I prefer Fepopolis to Gektopia, however, I love living near mountains.",Fepopolis does not have mountains.,Gektopia does not have mountains.,1
preference,because,I prefer Fepopolis to Gektopia because I hate coastal cities.,Fepopolis is a coastal city.,Gektopia is a coastal city.,2
preference,therefore,"I love bass instruments. Therefore, I prefer wugs to feps.",wugs are bass instruments.,feps are bass instruments.,1
preference,for instance,"I love skyscrapers. For instance, I prefer Fepopolis to Gektopia.",Fepopolis has skyscrapers.,Gektopia has skyscrapers.,1
preference,therefore,"I hate warm weather. Therefore, I prefer Wugsville to Gektopia.",Wugsville has warm weather.,Gektopia has warm weather.,2
preference,as a result,"I love coastal cities. As a result, I prefer Daxburgh to Blicketland.",Daxburgh is a coastal city.,Blicketland is a coastal city.,1
preference,nevertheless,"I love blue flowers, nevertheless, I prefer daxes to blickets.",daxes are not blue flowers.,blickets are not blue flowers.,1
temporal,finally,"daxday happened. Finally, fepfestival happened.",daxday occurred after fepfestival.,fepfestival occurred after daxday.,2
preference,since,"I prefer Fepopolis to Blicketland, since I hate warm weather.",Fepopolis has warm weather.,Blicketland has warm weather.,2
instantiation,for instance,"I hate wugs, for instance, geks are awful.",wugs are geks.,geks are wugs.,2
preference,though,"I love mammals, though I prefer feps to geks.",feps are not mammals.,geks are not mammals.,1
instantiation,for example,"I like feps, for example, blickets are nice.",feps are blickets.,blickets are feps.,2
preference,but,"I prefer Wugsville to Gektopia, but I love coastal cities.",Wugsville is not a coastal city.,Gektopia is not a coastal city.,1
instantiation,for instance,"I like feps, for instance, blickets are nice.",feps are blickets.,blickets are feps.,2
temporal,consequently,"wugfest happened. Consequently, daxday happened.",wugfest occurred after daxday.,daxday occurred after wugfest.,2
preference,while,"While I love mammals, I prefer feps to geks.",feps are not mammals.,geks are not mammals.,1
preference,though,"Though I hate warm weather, I prefer Wugsville to Daxburgh.",Wugsville has warm weather.,Daxburgh has warm weather.,1
preference,because,I prefer Wugsville to Blicketland because I love snowy winters.,Wugsville has snowy winters.,Blicketland has snowy winters.,1
preference,because,I prefer daxes to feps because I love blue flowers.,daxes are blue flowers.,feps are blue flowers.,1
temporal,afterwards,"wugfest happened. Afterwards, blicketbash happened.",wugfest occurred before blicketbash.,blicketbash occurred before wugfest.,1
temporal,even after,daxday happened even after fepfestival.,daxday occurred before fepfestival.,fepfestival occurred before daxday.,2
instantiation,for example,"I hate wugs, for example, geks are awful.",wugs are geks.,geks are wugs.,2
preference,since,"Since I love mammals, I prefer daxes to blickets.",daxes are mammals.,blickets are mammals.,1
preference,therefore,"I love insects. Therefore, I prefer wugs to daxes.",wugs are insects.,daxes are insects.,1
instantiation,in particular,"I find blickets, in particular, geks to be cute.",blickets are geks.,geks are blickets.,2
temporal,before,wugfest happened before daxday.,wugfest occurred before daxday.,daxday occurred before wugfest.,1
preference,because,I prefer wugs to daxes because I love fuzzy creatures.,wugs are fuzzy creatures.,daxes are fuzzy creatures.,1
preference,however,"I prefer Wugsville to Daxburgh, however, I hate warm weather.",Wugsville has warm weather.,Daxburgh has warm weather.,1
temporal,even though,"Even though gekxtravaganza had happened, wugfest happened.",wugfest occurred after gekxtravaganza.,gekxtravaganza occurred after wugfest.,1
preference,yet,"I hate snowy winters, yet I prefer Wugsville to Fepopolis.",Wugsville has snowy winters.,Fepopolis has snowy winters.,1
preference,as,"I prefer feps to blickets, as I love insects.",feps are insects.,blickets are insects.,1
preference,thus,"I love warm weather. Thus, I prefer Wugsville to Blicketland.",Wugsville has warm weather.,Blicketland has warm weather.,1
preference,while,"While I prefer Blicketland to Gektopia, I hate living near mountains.",Blicketland has mountains.,Gektopia has mountains.,1
preference,while,"While I prefer daxes to blickets, I love fuzzy creatures.",daxes are not fuzzy creatures.,blickets are not fuzzy creatures.,1
temporal,because,"because blicketbash happened, fepfestival happened.",fepfestival occurred before blicketbash.,blicketbash occurred before fepfestival.,2
preference,nevertheless,"I prefer Wugsville to Fepopolis, nevertheless, I hate warm weather.",Wugsville has warm weather.,Fepopolis has warm weather.,1
preference,although,"I prefer Wugsville to Gektopia, although I love coastal cities.",Wugsville is not a coastal city.,Gektopia is not a coastal city.,1
preference,although,"Although I love mammals, I prefer daxes to blickets.",daxes are not mammals.,blickets are not mammals.,1
preference,as much as,"As much as I love skyscrapers, I prefer Wugsville to Fepopolis.",Wugsville does not have skyscrapers.,Fepopolis does not have skyscrapers.,1
preference,as,"I prefer wugs to blickets, as I love bass instruments.",wugs are bass instruments.,blickets are bass instruments.,1
preference,as much as,"As much as I hate living near mountains, I prefer Blicketland to Gektopia.",Blicketland has mountains.,Gektopia has mountains.,1
preference,for instance,"I hate mammals. For instance, I prefer daxes to feps.",daxes are mammals.,feps are mammals.,2
preference,thus,"I hate fuzzy creatures. Thus, I prefer daxes to geks.",daxes are fuzzy creatures.,geks are fuzzy creatures.,2
temporal,as soon as,wugfest happened as soon as blicketbash finished.,wugfest occurred before blicketbash.,blicketbash occurred before wugfest.,2
instantiation,in particular,"I find daxes, in particular, geks to be cute.",daxes are geks.,geks are daxes.,2
preference,though,"Though I love blue flowers, I prefer blickets to geks.",blickets are not blue flowers.,geks are not blue flowers.,1
preference,even though,"Even though I love snowy winters, I prefer Wugsville to Fepopolis.",Wugsville does not have snowy winters.,Fepopolis does not have snowy winters.,1
preference,however,"I prefer wugs to geks, however, I love insects.",wugs are not insects.,geks are not insects.,1
temporal,therefore,"fepfestival happened. Therefore, gekxtravaganza happened.",fepfestival occurred after gekxtravaganza.,gekxtravaganza occurred after fepfestival.,2
preference,though,"I hate coastal cities, though I prefer Wugsville to Blicketland.",Wugsville is a coastal city.,Blicketland is a coastal city.,1
temporal,after,daxday happened after blicketbash.,daxday occurred before blicketbash.,blicketbash occurred before daxday.,2
preference,for instance,"I hate bass instruments. For instance, I prefer wugs to geks.",wugs are bass instruments.,geks are bass instruments.,2
instantiation,such as,"I find feps such as geks, to be cute.",feps are geks.,geks are feps.,2
preference,thus,"I love snowy winters. Thus, I prefer Daxburgh to Gektopia.",Daxburgh has snowy winters.,Gektopia has snowy winters.,1
temporal,later,"wugfest happened. Later, daxday happened.",wugfest occurred before daxday.,daxday occurred before wugfest.,1
temporal,even though,wugfest happened even though fepfestival had happened.,wugfest occurred before fepfestival.,fepfestival occurred before wugfest.,2
preference,as much as,"As much as I love warm weather, I prefer Daxburgh to Gektopia.",Daxburgh does not have warm weather.,Gektopia does not have warm weather.,1
instantiation,for instance,"I like wugs, for instance, blickets are nice.",wugs are blickets.,blickets are wugs.,2
preference,while,"While I prefer Wugsville to Gektopia, I love snowy winters.",Wugsville does not have snowy winters.,Gektopia does not have snowy winters.,1
temporal,as a result,blicketbash happened as a result of wugfest.,wugfest occurred after blicketbash.,blicketbash occurred after wugfest.,2
preference,while,"While I prefer daxes to geks, I hate bass instruments.",daxes are bass instruments.,geks are bass instruments.,1
preference,as,"I prefer Wugsville to Gektopia, as I hate warm weather.",Wugsville has warm weather.,Gektopia has warm weather.,2
preference,for example,"I love warm weather. For example, I prefer Daxburgh to Fepopolis.",Daxburgh has warm weather.,Fepopolis has warm weather.,1
preference,even though,"Even though I love mammals, I prefer wugs to blickets.",wugs are not mammals.,blickets are not mammals.,1
preference,since,"I prefer Wugsville to Gektopia, since I hate living near mountains.",Wugsville has mountains.,Gektopia has mountains.,2
instantiation,for example,"I like daxes, for example, blickets are nice.",daxes are blickets.,blickets are daxes.,2
temporal,subsequently,"fepfestival happened. Subsequently, gekxtravaganza happened.",fepfestival occurred after gekxtravaganza.,gekxtravaganza occurred after fepfestival.,2
instantiation,such as,"I find wugs such as daxes, to be awful.",wugs are daxes.,daxes are wugs.,2
instantiation,in particular,"I find wugs, in particular, daxes to be awful.",wugs are daxes.,daxes are wugs.,2
preference,as much as,"As much as I hate snowy winters, I prefer Wugsville to Gektopia.",Wugsville has snowy winters.,Gektopia has snowy winters.,1
preference,because,I prefer Wugsville to Gektopia because I love skyscrapers.,Wugsville has skyscrapers.,Gektopia has skyscrapers.,1
preference,for example,"I hate skyscrapers. For example, I prefer Fepopolis to Blicketland.",Fepopolis has skyscrapers.,Blicketland has skyscrapers.,2
instantiation,such as,"I find wugs such as feps, to be awful.",wugs are feps.,feps are wugs.,2
temporal,even though,fepfestival happened even though gekxtravaganza had happened.,fepfestival occurred before gekxtravaganza.,gekxtravaganza occurred before fepfestival.,2
instantiation,in particular,"I find feps, in particular, blickets to be awful.",feps are blickets.,blickets are feps.,2
instantiation,for example,"I like daxes, for example, feps are nice.",daxes are feps.,feps are daxes.,2
preference,for instance,"I hate insects. For instance, I prefer wugs to feps.",wugs are insects.,feps are insects.,2
preference,while,"While I prefer wugs to geks, I love insects.",wugs are not insects.,geks are not insects.,1
preference,for instance,"I love coastal cities. For instance, I prefer Wugsville to Daxburgh.",Wugsville is a coastal city.,Daxburgh is a coastal city.,1
preference,thus,"I hate mammals. Thus, I prefer wugs to blickets.",wugs are mammals.,blickets are mammals.,2
preference,for,"I prefer wugs to feps, for I love bass instruments.",wugs are bass instruments.,feps are bass instruments.,1
preference,thus,"I love bass instruments. Thus, I prefer daxes to feps.",daxes are bass instruments.,feps are bass instruments.,1
preference,therefore,"I hate coastal cities. Therefore, I prefer Wugsville to Blicketland.",Wugsville is a coastal city.,Blicketland is a coastal city.,2
preference,while,"While I hate skyscrapers, I prefer Wugsville to Daxburgh.",Wugsville has skyscrapers.,Daxburgh has skyscrapers.,1
temporal,finally,"wugfest happened. Finally, daxday happened.",wugfest occurred after daxday.,daxday occurred after wugfest.,2
preference,although,"Although I love blue flowers, I prefer wugs to blickets.",wugs are not blue flowers.,blickets are not blue flowers.,1
preference,since,"I prefer blickets to geks, since I hate fuzzy creatures.",blickets are fuzzy creatures.,geks are fuzzy creatures.,2
temporal,even after,fepfestival happened even after blicketbash.,fepfestival occurred before blicketbash.,blicketbash occurred before fepfestival.,2
preference,because,I prefer Daxburgh to Blicketland because I hate living near mountains.,Daxburgh has mountains.,Blicketland has mountains.,2
preference,nevertheless,"I prefer daxes to geks, nevertheless, I hate fuzzy creatures.",daxes are fuzzy creatures.,geks are fuzzy creatures.,1
preference,as a result,"I love bass instruments. As a result, I prefer daxes to blickets.",daxes are bass instruments.,blickets are bass instruments.,1
instantiation,in particular,"I find feps, in particular, geks to be awful.",feps are geks.,geks are feps.,2
preference,nevertheless,"I love bass instruments, nevertheless, I prefer blickets to geks.",blickets are not bass instruments.,geks are not bass instruments.,1
instantiation,such as,"I find daxes such as geks, to be cute.",daxes are geks.,geks are daxes.,2
temporal,next,"daxday happened. Next, blicketbash happened.",daxday occurred before blicketbash.,blicketbash occurred before daxday.,1
preference,even though,"I love blue flowers, even though I prefer wugs to geks.",wugs are not blue flowers.,geks are not blue flowers.,1
preference,so,"I love coastal cities. So, I prefer Fepopolis to Gektopia.",Fepopolis is a coastal city.,Gektopia is a coastal city.,1
preference,but,"I prefer wugs to feps, but I hate mammals.",wugs are mammals.,feps are mammals.,1
temporal,before,"Before blicketbash, wugfest happened.",wugfest occurred after blicketbash.,blicketbash occurred after wugfest.,2
temporal,next,"fepfestival happened. Next, gekxtravaganza happened.",fepfestival occurred after gekxtravaganza.,gekxtravaganza occurred after fepfestival.,2
preference,yet,"I love blue flowers, yet I prefer feps to geks.",feps are not blue flowers.,geks are not blue flowers.,1
temporal,even after,wugfest happened even after gekxtravaganza.,wugfest occurred after gekxtravaganza.,gekxtravaganza occurred after wugfest.,1
preference,as much as,"As much as I love coastal cities, I prefer Daxburgh to Fepopolis.",Daxburgh is not a coastal city.,Fepopolis is not a coastal city.,1
preference,as much as,"As much as I love insects, I prefer daxes to blickets.",daxes are not insects.,blickets are not insects.,1
preference,yet,"I love skyscrapers, yet I prefer Blicketland to Gektopia.",Blicketland does not have skyscrapers.,Gektopia does not have skyscrapers.,1
preference,thus,"I love blue flowers. Thus, I prefer wugs to geks.",wugs are blue flowers.,geks are blue flowers.,1
preference,as,"I prefer Wugsville to Daxburgh, as I hate coastal cities.",Wugsville is a coastal city.,Daxburgh is a coastal city.,2
temporal,even though,"Even though blicketbash had happened, fepfestival happened.",fepfestival occurred after blicketbash.,blicketbash occurred after fepfestival.,1
preference,therefore,"I love blue flowers. Therefore, I prefer feps to blickets.",feps are blue flowers.,blickets are blue flowers.,1
temporal,earlier,"wugfest happened. Earlier, gekxtravaganza had happened.",wugfest occurred before gekxtravaganza.,gekxtravaganza occurred before wugfest.,2
preference,as,"I prefer wugs to daxes, as I hate mammals.",wugs are mammals.,daxes are mammals.,2
temporal,so,"wugfest happened. So, blicketbash happened.",wugfest occurred before blicketbash.,blicketbash occurred before wugfest.,1
preference,because,I prefer feps to blickets because I hate mammals.,feps are mammals.,blickets are mammals.,2
preference,thus,"I love insects. Thus, I prefer blickets to geks.",blickets are insects.,geks are insects.,1
preference,for example,"I hate fuzzy creatures. For example, I prefer wugs to geks.",wugs are fuzzy creatures.,geks are fuzzy creatures.,2
preference,but,"I love fuzzy creatures, but I prefer feps to blickets.",feps are not fuzzy creatures.,blickets are not fuzzy creatures.,1
preference,yet,"I hate insects, yet I prefer blickets to geks.",blickets are insects.,geks are insects.,1
preference,nevertheless,"I hate living near mountains, nevertheless, I prefer Wugsville to Gektopia.",Wugsville has mountains.,Gektopia has mountains.,1
preference,as a result,"I hate insects. As a result, I prefer feps to geks.",feps are insects.,geks are insects.,2
preference,for,"I prefer daxes to blickets, for I hate blue flowers.",daxes are blue flowers.,blickets are blue flowers.,2
temporal,consequently,"fepfestival happened. Consequently, gekxtravaganza happened.",fepfestival occurred before gekxtravaganza.,gekxtravaganza occurred before fepfestival.,1
preference,for instance,"I love living near mountains. For instance, I prefer Blicketland to Gektopia.",Blicketland has mountains.,Gektopia has mountains.,1
preference,although,"Although I hate bass instruments, I prefer daxes to feps.",daxes are bass instruments.,feps are bass instruments.,1
preference,since,"I prefer wugs to daxes, since I love insects.",wugs are insects.,daxes are insects.,1
preference,so,"I hate mammals. So, I prefer wugs to geks.",wugs are mammals.,geks are mammals.,2
preference,therefore,"I love snowy winters. Therefore, I prefer Fepopolis to Blicketland.",Fepopolis has snowy winters.,Blicketland has snowy winters.,1
temporal,earlier,"fepfestival happened. Earlier, gekxtravaganza had happened.",fepfestival occurred after gekxtravaganza.,gekxtravaganza occurred after fepfestival.,1
preference,although,"Although I hate living near mountains, I prefer Wugsville to Fepopolis.",Wugsville has mountains.,Fepopolis has mountains.,1
temporal,therefore,"wugfest happened. Therefore, fepfestival happened.",wugfest occurred before fepfestival.,fepfestival occurred before wugfest.,1
preference,as,"I prefer feps to geks, as I hate fuzzy creatures.",feps are fuzzy creatures.,geks are fuzzy creatures.,2
temporal,as a result,"wugfest happened. As a result, gekxtravaganza happened.",wugfest occurred after gekxtravaganza.,gekxtravaganza occurred after wugfest.,2
temporal,next,"daxday happened. Next, gekxtravaganza happened.",daxday occurred before gekxtravaganza.,gekxtravaganza occurred before daxday.,1
preference,nevertheless,"I prefer wugs to feps, nevertheless, I love mammals.",wugs are not mammals.,feps are not mammals.,1
temporal,once,daxday happened once gekxtravaganza happened.,daxday occurred after gekxtravaganza.,gekxtravaganza occurred after daxday.,1
temporal,as soon as,"As soon as blicketbash finished, daxday happened.",daxday occurred before blicketbash.,blicketbash occurred before daxday.,2
temporal,even before,daxday happened even before wugfest.,wugfest occurred before daxday.,daxday occurred before wugfest.,2
temporal,previously,"fepfestival happened. Previously, blicketbash happened.",fepfestival occurred before blicketbash.,blicketbash occurred before fepfestival.,2
temporal,next,"blicketbash happened. Next, gekxtravaganza happened.",blicketbash occurred before gekxtravaganza.,gekxtravaganza occurred before blicketbash.,1
preference,however,"I prefer feps to geks, however, I love mammals.",feps are not mammals.,geks are not mammals.,1
temporal,afterwards,"wugfest happened. Afterwards, fepfestival happened.",wugfest occurred after fepfestival.,fepfestival occurred after wugfest.,2
temporal,after,wugfest happened after gekxtravaganza.,wugfest occurred after gekxtravaganza.,gekxtravaganza occurred after wugfest.,1
preference,even though,"Even though I hate bass instruments, I prefer daxes to geks.",daxes are bass instruments.,geks are bass instruments.,1
preference,while,"While I prefer feps to blickets, I love blue flowers.",feps are not blue flowers.,blickets are not blue flowers.,1
temporal,next,"wugfest happened. Next, fepfestival happened.",wugfest occurred after fepfestival.,fepfestival occurred after wugfest.,2
preference,therefore,"I hate fuzzy creatures. Therefore, I prefer blickets to geks.",blickets are fuzzy creatures.,geks are fuzzy creatures.,2
instantiation,such as,"I find wugs such as blickets, to be awful.",wugs are blickets.,blickets are wugs.,2
temporal,before,"Before blicketbash, daxday happened.",daxday occurred after blicketbash.,blicketbash occurred after daxday.,2
preference,although,"I prefer wugs to feps, although I hate insects.",wugs are insects.,feps are insects.,1
temporal,thereafter,"wugfest happened. Thereafter, gekxtravaganza happened.",wugfest occurred after gekxtravaganza.,gekxtravaganza occurred after wugfest.,2
instantiation,for instance,"I hate blickets, for instance, geks are awful.",blickets are geks.,geks are blickets.,2
temporal,as soon as,"As soon as fepfestival finished, wugfest happened.",wugfest occurred after fepfestival.,fepfestival occurred after wugfest.,1
temporal,previously,"daxday happened. Previously, blicketbash happened.",daxday occurred after blicketbash.,blicketbash occurred after daxday.,1
temporal,thereafter,"wugfest happened. Thereafter, daxday happened.",wugfest occurred before daxday.,daxday occurred before wugfest.,1
temporal,thereafter,"daxday happened. Thereafter, fepfestival happened.",daxday occurred before fepfestival.,fepfestival occurred before daxday.,1
temporal,afterwards,"fepfestival happened. Afterwards, gekxtravaganza happened.",fepfestival occurred after gekxtravaganza.,gekxtravaganza occurred after fepfestival.,2
temporal,finally,"daxday happened. Finally, blicketbash happened.",daxday occurred after blicketbash.,blicketbash occurred after daxday.,2
temporal,before,"Before blicketbash, fepfestival happened.",fepfestival occurred after blicketbash.,blicketbash occurred after fepfestival.,2
temporal,so,"daxday happened. So, fepfestival happened.",daxday occurred after fepfestival.,fepfestival occurred after daxday.,2
temporal,later,"daxday happened. Later, gekxtravaganza happened.",daxday occurred after gekxtravaganza.,gekxtravaganza occurred after daxday.,2
temporal,since,"Since blicketbash happened, daxday happened.",daxday occurred after blicketbash.,blicketbash occurred after daxday.,1
temporal,even after,"Even after gekxtravaganza, fepfestival happened.",fepfestival occurred after gekxtravaganza.,gekxtravaganza occurred after fepfestival.,1
temporal,because,"because daxday happened, wugfest happened.",wugfest occurred before daxday.,daxday occurred before wugfest.,2
temporal,before,"Before gekxtravaganza, fepfestival happened.",fepfestival occurred after gekxtravaganza.,gekxtravaganza occurred after fepfestival.,2
temporal,after,"After fepfestival, daxday happened.",daxday occurred before fepfestival.,fepfestival occurred before daxday.,2
temporal,because,"because fepfestival happened, daxday happened.",daxday occurred after fepfestival.,fepfestival occurred after daxday.,1
temporal,since,"Since gekxtravaganza happened, fepfestival happened.",fepfestival occurred before gekxtravaganza.,gekxtravaganza occurred before fepfestival.,2
temporal,so,"wugfest happened. So, gekxtravaganza happened.",wugfest occurred before gekxtravaganza.,gekxtravaganza occurred before wugfest.,1
temporal,even though,"Even though gekxtravaganza had happened, daxday happened.",daxday occurred before gekxtravaganza.,gekxtravaganza occurred before daxday.,2
temporal,therefore,"daxday happened. Therefore, blicketbash happened.",daxday occurred after blicketbash.,blicketbash occurred after daxday.,2
temporal,previously,"wugfest happened. Previously, fepfestival happened.",wugfest occurred after fepfestival.,fepfestival occurred after wugfest.,1
temporal,finally,"wugfest happened. Finally, fepfestival happened.",wugfest occurred before fepfestival.,fepfestival occurred before wugfest.,1
temporal,then,"wugfest happened. Then, gekxtravaganza happened.",wugfest occurred after gekxtravaganza.,gekxtravaganza occurred after wugfest.,2
temporal,subsequently,"wugfest happened. Subsequently, daxday happened.",wugfest occurred after daxday.,daxday occurred after wugfest.,2
temporal,even after,daxday happened even after blicketbash.,daxday occurred after blicketbash.,blicketbash occurred after daxday.,1
temporal,earlier,"daxday happened. Earlier, gekxtravaganza had happened.",daxday occurred before gekxtravaganza.,gekxtravaganza occurred before daxday.,2
temporal,hence,"wugfest happened. Hence, blicketbash happened.",wugfest occurred before blicketbash.,blicketbash occurred before wugfest.,1
temporal,then,"blicketbash happened. Then, gekxtravaganza happened.",blicketbash occurred before gekxtravaganza.,gekxtravaganza occurred before blicketbash.,1
temporal,as a result,"wugfest happened. As a result, fepfestival happened.",wugfest occurred before fepfestival.,fepfestival occurred before wugfest.,1
temporal,previously,"wugfest happened. Previously, daxday happened.",wugfest occurred after daxday.,daxday occurred after wugfest.,1
temporal,since,daxday happened since fepfestival happened.,daxday occurred before fepfestival.,fepfestival occurred before daxday.,2
temporal,finally,"wugfest happened. Finally, gekxtravaganza happened.",wugfest occurred before gekxtravaganza.,gekxtravaganza occurred before wugfest.,1
temporal,even though,daxday happened even though blicketbash had happened.,daxday occurred before blicketbash.,blicketbash occurred before daxday.,2
temporal,even after,"Even after daxday, wugfest happened.",wugfest occurred after daxday.,daxday occurred after wugfest.,1
temporal,once,blicketbash happened once gekxtravaganza happened.,blicketbash occurred after gekxtravaganza.,gekxtravaganza occurred after blicketbash.,1
temporal,subsequently,"fepfestival happened. Subsequently, blicketbash happened.",fepfestival occurred after blicketbash.,blicketbash occurred after fepfestival.,2
temporal,later,"wugfest happened. Later, gekxtravaganza happened.",wugfest occurred after gekxtravaganza.,gekxtravaganza occurred after wugfest.,2
temporal,even before,blicketbash happened even before fepfestival.,fepfestival occurred before blicketbash.,blicketbash occurred before fepfestival.,2
temporal,even before,gekxtravaganza happened even before daxday.,daxday occurred before gekxtravaganza.,gekxtravaganza occurred before daxday.,2
temporal,afterwards,"daxday happened. Afterwards, gekxtravaganza happened.",daxday occurred before gekxtravaganza.,gekxtravaganza occurred before daxday.,1
temporal,previously,"fepfestival happened. Previously, gekxtravaganza happened.",fepfestival occurred before gekxtravaganza.,gekxtravaganza occurred before fepfestival.,2
temporal,because,daxday happened because blicketbash happened.,daxday occurred after blicketbash.,blicketbash occurred after daxday.,1
temporal,finally,"wugfest happened. Finally, blicketbash happened.",wugfest occurred after blicketbash.,blicketbash occurred after wugfest.,2
temporal,consequently,"wugfest happened. Consequently, gekxtravaganza happened.",wugfest occurred before gekxtravaganza.,gekxtravaganza occurred before wugfest.,1
temporal,even though,daxday happened even though fepfestival had happened.,daxday occurred after fepfestival.,fepfestival occurred after daxday.,1
temporal,so,"blicketbash happened. So, gekxtravaganza happened.",blicketbash occurred before gekxtravaganza.,gekxtravaganza occurred before blicketbash.,1
temporal,therefore,"daxday happened. Therefore, fepfestival happened.",daxday occurred before fepfestival.,fepfestival occurred before daxday.,1
temporal,because,blicketbash happened because gekxtravaganza happened.,blicketbash occurred before gekxtravaganza.,gekxtravaganza occurred before blicketbash.,2
temporal,next,"wugfest happened. Next, daxday happened.",wugfest occurred before daxday.,daxday occurred before wugfest.,1
temporal,once,daxday happened once fepfestival happened.,daxday occurred before fepfestival.,fepfestival occurred before daxday.,2
temporal,so,"fepfestival happened. So, blicketbash happened.",fepfestival occurred before blicketbash.,blicketbash occurred before fepfestival.,1
temporal,because,"because gekxtravaganza happened, fepfestival happened.",fepfestival occurred after gekxtravaganza.,gekxtravaganza occurred after fepfestival.,1
temporal,therefore,"wugfest happened. Therefore, gekxtravaganza happened.",wugfest occurred before gekxtravaganza.,gekxtravaganza occurred before wugfest.,1
temporal,then,"wugfest happened. Then, blicketbash happened.",wugfest occurred after blicketbash.,blicketbash occurred after wugfest.,2
temporal,next,"daxday happened. Next, fepfestival happened.",daxday occurred after fepfestival.,fepfestival occurred after daxday.,2
temporal,later,"fepfestival happened. Later, gekxtravaganza happened.",fepfestival occurred after gekxtravaganza.,gekxtravaganza occurred after fepfestival.,2
temporal,subsequently,"blicketbash happened. Subsequently, gekxtravaganza happened.",blicketbash occurred after gekxtravaganza.,gekxtravaganza occurred after blicketbash.,2
temporal,after,"After fepfestival, wugfest happened.",wugfest occurred before fepfestival.,fepfestival occurred before wugfest.,2
temporal,even before,gekxtravaganza happened even before blicketbash.,blicketbash occurred after gekxtravaganza.,gekxtravaganza occurred after blicketbash.,1
temporal,later,"daxday happened. Later, blicketbash happened.",daxday occurred after blicketbash.,blicketbash occurred after daxday.,2
temporal,later,"wugfest happened. Later, blicketbash happened.",wugfest occurred after blicketbash.,blicketbash occurred after wugfest.,2
temporal,before,"Before gekxtravaganza, daxday happened.",daxday occurred after gekxtravaganza.,gekxtravaganza occurred after daxday.,2
temporal,because,"because fepfestival happened, wugfest happened.",wugfest occurred before fepfestival.,fepfestival occurred before wugfest.,2
temporal,subsequently,"wugfest happened. Subsequently, fepfestival happened.",wugfest occurred before fepfestival.,fepfestival occurred before wugfest.,1
temporal,because,wugfest happened because gekxtravaganza happened.,wugfest occurred after gekxtravaganza.,gekxtravaganza occurred after wugfest.,1
temporal,thereafter,"daxday happened. Thereafter, blicketbash happened.",daxday occurred before blicketbash.,blicketbash occurred before daxday.,1
temporal,as soon as,"As soon as gekxtravaganza finished, daxday happened.",daxday occurred before gekxtravaganza.,gekxtravaganza occurred before daxday.,2
temporal,therefore,"fepfestival happened. Therefore, blicketbash happened.",fepfestival occurred before blicketbash.,blicketbash occurred before fepfestival.,1
temporal,so,"daxday happened. So, gekxtravaganza happened.",daxday occurred before gekxtravaganza.,gekxtravaganza occurred before daxday.,1
temporal,finally,"fepfestival happened. Finally, blicketbash happened.",fepfestival occurred after blicketbash.,blicketbash occurred after fepfestival.,2
temporal,before,blicketbash happened before gekxtravaganza.,blicketbash occurred before gekxtravaganza.,gekxtravaganza occurred before blicketbash.,1
temporal,earlier,"fepfestival happened. Earlier, blicketbash had happened.",fepfestival occurred before blicketbash.,blicketbash occurred before fepfestival.,2
temporal,previously,"wugfest happened. Previously, blicketbash happened.",wugfest occurred after blicketbash.,blicketbash occurred after wugfest.,1
temporal,since,"Since gekxtravaganza happened, daxday happened.",daxday occurred before gekxtravaganza.,gekxtravaganza occurred before daxday.,2
temporal,because,"because gekxtravaganza happened, daxday happened.",daxday occurred before gekxtravaganza.,gekxtravaganza occurred before daxday.,2
temporal,hence,"fepfestival happened. Hence, blicketbash happened.",fepfestival occurred after blicketbash.,blicketbash occurred after fepfestival.,2
temporal,since,wugfest happened since blicketbash happened.,wugfest occurred after blicketbash.,blicketbash occurred after wugfest.,1
temporal,after,blicketbash happened after gekxtravaganza.,blicketbash occurred after gekxtravaganza.,gekxtravaganza occurred after blicketbash.,1
temporal,later,"blicketbash happened. Later, gekxtravaganza happened.",blicketbash occurred before gekxtravaganza.,gekxtravaganza occurred before blicketbash.,1
temporal,next,"wugfest happened. Next, blicketbash happened.",wugfest occurred before blicketbash.,blicketbash occurred before wugfest.,1
temporal,afterwards,"daxday happened. Afterwards, blicketbash happened.",daxday occurred after blicketbash.,blicketbash occurred after daxday.,2
temporal,as soon as,"As soon as daxday finished, wugfest happened.",wugfest occurred after daxday.,daxday occurred after wugfest.,1
temporal,subsequently,"wugfest happened. Subsequently, blicketbash happened.",wugfest occurred before blicketbash.,blicketbash occurred before wugfest.,1
temporal,then,"daxday happened. Then, gekxtravaganza happened.",daxday occurred after gekxtravaganza.,gekxtravaganza occurred after daxday.,2
temporal,afterwards,"wugfest happened. Afterwards, daxday happened.",wugfest occurred before daxday.,daxday occurred before wugfest.,1
temporal,as soon as,"As soon as gekxtravaganza finished, fepfestival happened.",fepfestival occurred before gekxtravaganza.,gekxtravaganza occurred before fepfestival.,2
temporal,consequently,"daxday happened. Consequently, gekxtravaganza happened.",daxday occurred after gekxtravaganza.,gekxtravaganza occurred after daxday.,2
temporal,thereafter,"fepfestival happened. Thereafter, blicketbash happened.",fepfestival occurred after blicketbash.,blicketbash occurred after fepfestival.,2
temporal,as a result,blicketbash happened as a result of fepfestival.,fepfestival occurred before blicketbash.,blicketbash occurred before fepfestival.,1
temporal,hence,"daxday happened. Hence, blicketbash happened.",daxday occurred after blicketbash.,blicketbash occurred after daxday.,2
temporal,then,"daxday happened. Then, blicketbash happened.",daxday occurred before blicketbash.,blicketbash occurred before daxday.,1
temporal,finally,"fepfestival happened. Finally, gekxtravaganza happened.",fepfestival occurred before gekxtravaganza.,gekxtravaganza occurred before fepfestival.,1
temporal,even before,"Even before wugfest, fepfestival happened.",wugfest occurred after fepfestival.,fepfestival occurred after wugfest.,1
temporal,consequently,"daxday happened. Consequently, blicketbash happened.",daxday occurred before blicketbash.,blicketbash occurred before daxday.,1
temporal,later,"daxday happened. Later, fepfestival happened.",daxday occurred after fepfestival.,fepfestival occurred after daxday.,2
temporal,therefore,"wugfest happened. Therefore, daxday happened.",wugfest occurred before daxday.,daxday occurred before wugfest.,1
temporal,so,"daxday happened. So, blicketbash happened.",daxday occurred after blicketbash.,blicketbash occurred after daxday.,2
temporal,hence,"wugfest happened. Hence, daxday happened.",wugfest occurred before daxday.,daxday occurred before wugfest.,1
temporal,afterwards,"fepfestival happened. Afterwards, blicketbash happened.",fepfestival occurred before blicketbash.,blicketbash occurred before fepfestival.,1
temporal,previously,"daxday happened. Previously, fepfestival happened.",daxday occurred before fepfestival.,fepfestival occurred before daxday.,2
temporal,therefore,"blicketbash happened. Therefore, gekxtravaganza happened.",blicketbash occurred after gekxtravaganza.,gekxtravaganza occurred after blicketbash.,2
temporal,afterwards,"daxday happened. Afterwards, fepfestival happened.",daxday occurred after fepfestival.,fepfestival occurred after daxday.,2
temporal,after,"After blicketbash, fepfestival happened.",fepfestival occurred before blicketbash.,blicketbash occurred before fepfestival.,2
temporal,hence,"blicketbash happened. Hence, gekxtravaganza happened.",blicketbash occurred before gekxtravaganza.,gekxtravaganza occurred before blicketbash.,1
temporal,once,"Once gekxtravaganza happened, fepfestival happened.",fepfestival occurred after gekxtravaganza.,gekxtravaganza occurred after fepfestival.,1
temporal,then,"wugfest happened. Then, fepfestival happened.",wugfest occurred after fepfestival.,fepfestival occurred after wugfest.,2
temporal,as soon as,"As soon as blicketbash finished, fepfestival happened.",fepfestival occurred after blicketbash.,blicketbash occurred after fepfestival.,1
temporal,so,"wugfest happened. So, daxday happened.",wugfest occurred after daxday.,daxday occurred after wugfest.,2
temporal,since,wugfest happened since daxday happened.,wugfest occurred after daxday.,daxday occurred after wugfest.,1
temporal,thereafter,"fepfestival happened. Thereafter, gekxtravaganza happened.",fepfestival occurred before gekxtravaganza.,gekxtravaganza occurred before fepfestival.,1
temporal,after,daxday happened after gekxtravaganza.,daxday occurred after gekxtravaganza.,gekxtravaganza occurred after daxday.,1
temporal,hence,"wugfest happened. Hence, gekxtravaganza happened.",wugfest occurred after gekxtravaganza.,gekxtravaganza occurred after wugfest.,2
temporal,thereafter,"wugfest happened. Thereafter, fepfestival happened.",wugfest occurred after fepfestival.,fepfestival occurred after wugfest.,2
temporal,as a result,gekxtravaganza happened as a result of fepfestival.,fepfestival occurred before gekxtravaganza.,gekxtravaganza occurred before fepfestival.,1
temporal,therefore,"wugfest happened. Therefore, blicketbash happened.",wugfest occurred after blicketbash.,blicketbash occurred after wugfest.,2
temporal,even after,wugfest happened even after fepfestival.,wugfest occurred before fepfestival.,fepfestival occurred before wugfest.,2
temporal,because,"because blicketbash happened, wugfest happened.",wugfest occurred after blicketbash.,blicketbash occurred after wugfest.,1
temporal,once,"Once blicketbash happened, daxday happened.",daxday occurred before blicketbash.,blicketbash occurred before daxday.,2
temporal,as soon as,"As soon as fepfestival finished, daxday happened.",daxday occurred after fepfestival.,fepfestival occurred after daxday.,1
temporal,next,"fepfestival happened. Next, blicketbash happened.",fepfestival occurred before blicketbash.,blicketbash occurred before fepfestival.,1
temporal,next,"wugfest happened. Next, gekxtravaganza happened.",wugfest occurred after gekxtravaganza.,gekxtravaganza occurred after wugfest.,2
temporal,even before,"Even before daxday, blicketbash happened.",daxday occurred before blicketbash.,blicketbash occurred before daxday.,2
temporal,as a result,gekxtravaganza happened as a result of blicketbash.,blicketbash occurred before gekxtravaganza.,gekxtravaganza occurred before blicketbash.,1
temporal,then,"daxday happened. Then, fepfestival happened.",daxday occurred before fepfestival.,fepfestival occurred before daxday.,1
temporal,afterwards,"wugfest happened. Afterwards, gekxtravaganza happened.",wugfest occurred before gekxtravaganza.,gekxtravaganza occurred before wugfest.,1
temporal,finally,"daxday happened. Finally, gekxtravaganza happened.",daxday occurred before gekxtravaganza.,gekxtravaganza occurred before daxday.,1
temporal,even after,daxday happened even after gekxtravaganza.,daxday occurred before gekxtravaganza.,gekxtravaganza occurred before daxday.,2
temporal,since,blicketbash happened since gekxtravaganza happened.,blicketbash occurred after gekxtravaganza.,gekxtravaganza occurred after blicketbash.,1
temporal,consequently,"daxday happened. Consequently, fepfestival happened.",daxday occurred before fepfestival.,fepfestival occurred before daxday.,1
temporal,subsequently,"daxday happened. Subsequently, blicketbash happened.",daxday occurred before blicketbash.,blicketbash occurred before daxday.,1
temporal,once,wugfest happened once gekxtravaganza happened.,wugfest occurred before gekxtravaganza.,gekxtravaganza occurred before wugfest.,2
temporal,as a result,gekxtravaganza happened as a result of daxday.,daxday occurred after gekxtravaganza.,gekxtravaganza occurred after daxday.,2
temporal,earlier,"daxday happened. Earlier, fepfestival had happened.",daxday occurred before fepfestival.,fepfestival occurred before daxday.,2
temporal,even though,wugfest happened even though daxday had happened.,wugfest occurred before daxday.,daxday occurred before wugfest.,2
temporal,thereafter,"blicketbash happened. Thereafter, gekxtravaganza happened.",blicketbash occurred before gekxtravaganza.,gekxtravaganza occurred before blicketbash.,1
temporal,as soon as,wugfest happened as soon as gekxtravaganza finished.,wugfest occurred before gekxtravaganza.,gekxtravaganza occurred before wugfest.,2
temporal,finally,"blicketbash happened. Finally, gekxtravaganza happened.",blicketbash occurred after gekxtravaganza.,gekxtravaganza occurred after blicketbash.,2
temporal,afterwards,"blicketbash happened. Afterwards, gekxtravaganza happened.",blicketbash occurred before gekxtravaganza.,gekxtravaganza occurred before blicketbash.,1
temporal,as a result,"daxday happened. As a result, blicketbash happened.",daxday occurred after blicketbash.,blicketbash occurred after daxday.,2
temporal,then,"fepfestival happened. Then, gekxtravaganza happened.",fepfestival occurred after gekxtravaganza.,gekxtravaganza occurred after fepfestival.,2
temporal,previously,"blicketbash happened. Previously, gekxtravaganza happened.",blicketbash occurred before gekxtravaganza.,gekxtravaganza occurred before blicketbash.,2
temporal,even after,blicketbash happened even after gekxtravaganza.,blicketbash occurred before gekxtravaganza.,gekxtravaganza occurred before blicketbash.,2
temporal,consequently,"wugfest happened. Consequently, blicketbash happened.",wugfest occurred after blicketbash.,blicketbash occurred after wugfest.,2
temporal,as soon as,blicketbash happened as soon as gekxtravaganza finished.,blicketbash occurred before gekxtravaganza.,gekxtravaganza occurred before blicketbash.,2
temporal,so,"fepfestival happened. So, gekxtravaganza happened.",fepfestival occurred after gekxtravaganza.,gekxtravaganza occurred after fepfestival.,2
temporal,subsequently,"daxday happened. Subsequently, fepfestival happened.",daxday occurred before fepfestival.,fepfestival occurred before daxday.,1
temporal,since,"Since gekxtravaganza happened, wugfest happened.",wugfest occurred before gekxtravaganza.,gekxtravaganza occurred before wugfest.,2
temporal,before,wugfest happened before fepfestival.,wugfest occurred after fepfestival.,fepfestival occurred after wugfest.,2
temporal,once,"Once blicketbash happened, fepfestival happened.",fepfestival occurred after blicketbash.,blicketbash occurred after fepfestival.,1
temporal,before,"Before gekxtravaganza, wugfest happened.",wugfest occurred after gekxtravaganza.,gekxtravaganza occurred after wugfest.,2
temporal,once,wugfest happened once fepfestival happened.,wugfest occurred before fepfestival.,fepfestival occurred before wugfest.,2
temporal,after,wugfest happened after daxday.,wugfest occurred after daxday.,daxday occurred after wugfest.,1
