item_id,stimuli_type,connective,target,stimuli_instance,stimuli_instance_description,entity1,entity2,premise,inference1,inference2,choice
1,preference,although,hate,1,fuzzy creatures,wugs,geks,"Although I prefer wugs to geks, I hate fuzzy creatures.",wugs are fuzzy creatures.,geks are fuzzy creatures.,1
2,preference,although,love,2,mammals,daxes,blickets,"Although I love mammals, I prefer daxes to blickets.",daxes are mammals.,blickets are mammals.,1
3,preference,although,love,3,blue flowers,wugs,blickets,"Although I love blue flowers, I prefer wugs to blickets.",wugs are blue flowers.,blickets are blue flowers.,1
4,preference,although,hate,4,bass instruments,daxes,feps,"Although I hate bass instruments, I prefer daxes to feps.",daxes are bass instruments.,feps are bass instruments.,1
5,preference,although,hate,5,insects,wugs,feps,"I prefer wugs to feps, although I hate insects.",wugs are insects.,feps are insects.,1
6,preference,although,hate,6,snowy winters,Blicketland,Gektopia,"I prefer Blicketland to Gektopia, although I hate snowy winters.",Blicketland has snowy winters.,Gektopia has snowy winters.,1
7,preference,although,hate,7,living near mountains,Wugsville,Fepopolis,"Although I hate living near mountains, I prefer Wugsville to Fepopolis.",Wugsville has mountains.,Fepopolis has mountains.,1
8,preference,although,love,8,warm weather,Daxburgh,Gektopia,"I prefer Daxburgh to Gektopia, although I love warm weather.",Daxburgh has warm weather.,Gektopia has warm weather.,1
9,preference,although,love,9,coastal cities,Wugsville,Gektopia,"I prefer Wugsville to Gektopia, although I love coastal cities.",Wugsville is a coastal city.,Gektopia is a coastal city.,1
10,preference,although,love,10,skyscrapers,Fepopolis,Gektopia,"Although I love skyscrapers, I prefer Fepopolis to Gektopia.",Fepopolis has skyscrapers.,Gektopia has skyscrapers.,1
11,preference,as,hate,1,fuzzy creatures,feps,geks,"I prefer feps to geks, as I hate fuzzy creatures.",feps are fuzzy creatures.,geks are fuzzy creatures.,2
12,preference,as,hate,2,mammals,wugs,daxes,"I prefer wugs to daxes, as I hate mammals.",wugs are mammals.,daxes are mammals.,2
13,preference,as,hate,3,blue flowers,wugs,geks,"I prefer wugs to geks, as I hate blue flowers.",wugs are blue flowers.,geks are blue flowers.,2
14,preference,as,love,4,bass instruments,wugs,blickets,"I prefer wugs to blickets, as I love bass instruments.",wugs are bass instruments.,blickets are bass instruments.,1
15,preference,as,love,5,insects,feps,blickets,"I prefer feps to blickets, as I love insects.",feps are insects.,blickets are insects.,1
16,preference,as,love,6,snowy winters,Wugsville,Blicketland,"I prefer Wugsville to Blicketland, as I love snowy winters.",Wugsville has snowy winters.,Blicketland has snowy winters.,1
17,preference,as,love,7,living near mountains,Daxburgh,Gektopia,"I prefer Daxburgh to Gektopia, as I love living near mountains.",Daxburgh has mountains.,Gektopia has mountains.,1
18,preference,as,hate,8,warm weather,Wugsville,Gektopia,"I prefer Wugsville to Gektopia, as I hate warm weather.",Wugsville has warm weather.,Gektopia has warm weather.,2
19,preference,as,hate,9,coastal cities,Wugsville,Daxburgh,"I prefer Wugsville to Daxburgh, as I hate coastal cities.",Wugsville is a coastal city.,Daxburgh is a coastal city.,2
20,preference,as,love,10,skyscrapers,Wugsville,Fepopolis,"I prefer Wugsville to Fepopolis, as I love skyscrapers.",Wugsville has skyscrapers.,Fepopolis has skyscrapers.,1
21,preference,as a result,love,1,fuzzy creatures,wugs,feps,"I love fuzzy creatures. As a result, I prefer wugs to feps.",wugs are fuzzy creatures.,feps are fuzzy creatures.,1
22,preference,as a result,hate,2,mammals,daxes,feps,"I hate mammals. As a result, I prefer daxes to feps.",daxes are mammals.,feps are mammals.,2
23,preference,as a result,love,3,blue flowers,feps,blickets,"I love blue flowers. As a result, I prefer feps to blickets.",feps are blue flowers.,blickets are blue flowers.,1
24,preference,as a result,love,4,bass instruments,daxes,blickets,"I love bass instruments. As a result, I prefer daxes to blickets.",daxes are bass instruments.,blickets are bass instruments.,1
25,preference,as a result,hate,5,insects,feps,geks,"I hate insects. As a result, I prefer feps to geks.",feps are insects.,geks are insects.,2
26,preference,as a result,hate,6,snowy winters,Fepopolis,Blicketland,"I hate snowy winters. As a result, I prefer Fepopolis to Blicketland.",Fepopolis has snowy winters.,Blicketland has snowy winters.,2
27,preference,as a result,hate,7,living near mountains,Fepopolis,Gektopia,"I hate living near mountains. As a result, I prefer Fepopolis to Gektopia.",Fepopolis has mountains.,Gektopia has mountains.,2
28,preference,as a result,love,8,warm weather,Wugsville,Gektopia,"I love warm weather. As a result, I prefer Wugsville to Gektopia.",Wugsville has warm weather.,Gektopia has warm weather.,1
29,preference,as a result,love,9,coastal cities,Daxburgh,Blicketland,"I love coastal cities. As a result, I prefer Daxburgh to Blicketland.",Daxburgh is a coastal city.,Blicketland is a coastal city.,1
30,preference,as a result,hate,10,skyscrapers,Blicketland,Gektopia,"I hate skyscrapers. As a result, I prefer Blicketland to Gektopia.",Blicketland has skyscrapers.,Gektopia has skyscrapers.,2
31,preference,as much as,love,1,fuzzy creatures,daxes,geks,"As much as I love fuzzy creatures, I prefer daxes to geks.",daxes are fuzzy creatures.,geks are fuzzy creatures.,1
32,preference,as much as,hate,2,mammals,wugs,feps,"As much as I hate mammals, I prefer wugs to feps.",wugs are mammals.,feps are mammals.,1
33,preference,as much as,hate,3,blue flowers,wugs,geks,"As much as I hate blue flowers, I prefer wugs to geks.",wugs are blue flowers.,geks are blue flowers.,1
34,preference,as much as,hate,4,bass instruments,wugs,blickets,"As much as I hate bass instruments, I prefer wugs to blickets.",wugs are bass instruments.,blickets are bass instruments.,1
35,preference,as much as,love,5,insects,daxes,blickets,"As much as I love insects, I prefer daxes to blickets.",daxes are insects.,blickets are insects.,1
36,preference,as much as,hate,6,snowy winters,Wugsville,Gektopia,"As much as I hate snowy winters, I prefer Wugsville to Gektopia.",Wugsville has snowy winters.,Gektopia has snowy winters.,1
37,preference,as much as,hate,7,living near mountains,Blicketland,Gektopia,"As much as I hate living near mountains, I prefer Blicketland to Gektopia.",Blicketland has mountains.,Gektopia has mountains.,1
38,preference,as much as,love,8,warm weather,Daxburgh,Gektopia,"As much as I love warm weather, I prefer Daxburgh to Gektopia.",Daxburgh has warm weather.,Gektopia has warm weather.,1
39,preference,as much as,love,9,coastal cities,Daxburgh,Fepopolis,"As much as I love coastal cities, I prefer Daxburgh to Fepopolis.",Daxburgh is a coastal city.,Fepopolis is a coastal city.,1
40,preference,as much as,love,10,skyscrapers,Wugsville,Fepopolis,"As much as I love skyscrapers, I prefer Wugsville to Fepopolis.",Wugsville has skyscrapers.,Fepopolis has skyscrapers.,1
41,preference,because,love,1,fuzzy creatures,wugs,daxes,I prefer wugs to daxes because I love fuzzy creatures.,wugs are fuzzy creatures.,daxes are fuzzy creatures.,1
42,preference,because,hate,2,mammals,feps,blickets,I prefer feps to blickets because I hate mammals.,feps are mammals.,blickets are mammals.,2
43,preference,because,love,3,blue flowers,daxes,feps,I prefer daxes to feps because I love blue flowers.,daxes are blue flowers.,feps are blue flowers.,1
44,preference,because,hate,4,bass instruments,daxes,geks,I prefer daxes to geks because I hate bass instruments.,daxes are bass instruments.,geks are bass instruments.,2
45,preference,because,hate,5,insects,wugs,geks,"Because I hate insects, I prefer wugs to geks.",wugs are insects.,geks are insects.,2
46,preference,because,love,6,snowy winters,Wugsville,Blicketland,I prefer Wugsville to Blicketland because I love snowy winters.,Wugsville has snowy winters.,Blicketland has snowy winters.,1
47,preference,because,hate,7,living near mountains,Daxburgh,Blicketland,I prefer Daxburgh to Blicketland because I hate living near mountains.,Daxburgh has mountains.,Blicketland has mountains.,2
48,preference,because,love,8,warm weather,Blicketland,Gektopia,I prefer Blicketland to Gektopia because I love warm weather.,Blicketland has warm weather.,Gektopia has warm weather.,1
49,preference,because,hate,9,coastal cities,Fepopolis,Gektopia,I prefer Fepopolis to Gektopia because I hate coastal cities.,Fepopolis is a coastal city.,Gektopia is a coastal city.,2
50,preference,because,love,10,skyscrapers,Wugsville,Gektopia,I prefer Wugsville to Gektopia because I love skyscrapers.,Wugsville has skyscrapers.,Gektopia has skyscrapers.,1
51,preference,but,love,1,fuzzy creatures,feps,blickets,"I love fuzzy creatures, but I prefer feps to blickets.",feps are fuzzy creatures.,blickets are fuzzy creatures.,1
52,preference,but,hate,2,mammals,wugs,feps,"I prefer wugs to feps, but I hate mammals.",wugs are mammals.,feps are mammals.,1
53,preference,but,hate,3,blue flowers,wugs,daxes,"I prefer wugs to daxes, but I hate blue flowers.",wugs are blue flowers.,daxes are blue flowers.,1
54,preference,but,hate,4,bass instruments,blickets,geks,"I prefer blickets to geks, but I hate bass instruments.",blickets are bass instruments.,geks are bass instruments.,1
55,preference,but,hate,5,insects,daxes,geks,"I hate insects, but I prefer daxes to geks.",daxes are insects.,geks are insects.,1
56,preference,but,love,6,snowy winters,Daxburgh,Blicketland,"I love snowy winters, but I prefer Daxburgh to Blicketland.",Daxburgh has snowy winters.,Blicketland has snowy winters.,1
57,preference,but,hate,7,living near mountains,Wugsville,Daxburgh,"I prefer Wugsville to Daxburgh, but I hate living near mountains.",Wugsville has mountains.,Daxburgh has mountains.,1
58,preference,but,love,8,warm weather,Wugsville,Fepopolis,"I prefer Wugsville to Fepopolis, but I love warm weather.",Wugsville has warm weather.,Fepopolis has warm weather.,1
59,preference,but,love,9,coastal cities,Wugsville,Gektopia,"I prefer Wugsville to Gektopia, but I love coastal cities.",Wugsville is a coastal city.,Gektopia is a coastal city.,1
60,preference,but,love,10,skyscrapers,Daxburgh,Gektopia,"I prefer Daxburgh to Gektopia, but I love skyscrapers.",Daxburgh has skyscrapers.,Gektopia has skyscrapers.,1
61,preference,even though,hate,1,fuzzy creatures,blickets,geks,"I prefer blickets to geks, even though I hate fuzzy creatures.",blickets are fuzzy creatures.,geks are fuzzy creatures.,1
62,preference,even though,love,2,mammals,wugs,blickets,"Even though I love mammals, I prefer wugs to blickets.",wugs are mammals.,blickets are mammals.,1
63,preference,even though,love,3,blue flowers,wugs,geks,"I love blue flowers, even though I prefer wugs to geks.",wugs are blue flowers.,geks are blue flowers.,1
64,preference,even though,hate,4,bass instruments,daxes,geks,"Even though I hate bass instruments, I prefer daxes to geks.",daxes are bass instruments.,geks are bass instruments.,1
65,preference,even though,hate,5,insects,daxes,feps,"I hate insects, even though I prefer daxes to feps.",daxes are insects.,feps are insects.,1
66,preference,even though,love,6,snowy winters,Wugsville,Fepopolis,"Even though I love snowy winters, I prefer Wugsville to Fepopolis.",Wugsville has snowy winters.,Fepopolis has snowy winters.,1
67,preference,even though,love,7,living near mountains,Wugsville,Gektopia,"Even though I love living near mountains, I prefer Wugsville to Gektopia.",Wugsville has mountains.,Gektopia has mountains.,1
68,preference,even though,love,8,warm weather,Fepopolis,Blicketland,"Even though I prefer Fepopolis to Blicketland, I love warm weather.",Fepopolis has warm weather.,Blicketland has warm weather.,1
69,preference,even though,hate,9,coastal cities,Daxburgh,Gektopia,"Even though I prefer Daxburgh to Gektopia, I hate coastal cities.",Daxburgh is a coastal city.,Gektopia is a coastal city.,1
70,preference,even though,hate,10,skyscrapers,Wugsville,Blicketland,"I hate skyscrapers, even though I prefer Wugsville to Blicketland.",Wugsville has skyscrapers.,Blicketland has skyscrapers.,1
71,preference,for,hate,1,fuzzy creatures,wugs,geks,"I prefer wugs to geks, for I hate fuzzy creatures.",wugs are fuzzy creatures.,geks are fuzzy creatures.,2
72,preference,for,love,2,mammals,feps,blickets,"I prefer feps to blickets, for I love mammals.",feps are mammals.,blickets are mammals.,1
73,preference,for,hate,3,blue flowers,daxes,blickets,"I prefer daxes to blickets, for I hate blue flowers.",daxes are blue flowers.,blickets are blue flowers.,2
74,preference,for,love,4,bass instruments,wugs,feps,"I prefer wugs to feps, for I love bass instruments.",wugs are bass instruments.,feps are bass instruments.,1
75,preference,for,hate,5,insects,daxes,geks,"I prefer daxes to geks, for I hate insects.",daxes are insects.,geks are insects.,2
76,preference,for,love,6,snowy winters,Fepopolis,Blicketland,"I prefer Fepopolis to Blicketland, for I love snowy winters.",Fepopolis has snowy winters.,Blicketland has snowy winters.,1
77,preference,for,hate,7,living near mountains,Daxburgh,Fepopolis,"I prefer Daxburgh to Fepopolis, for I hate living near mountains.",Daxburgh has mountains.,Fepopolis has mountains.,2
78,preference,for,hate,8,warm weather,Wugsville,Fepopolis,"I prefer Wugsville to Fepopolis, for I hate warm weather.",Wugsville has warm weather.,Fepopolis has warm weather.,2
79,preference,for,love,9,coastal cities,Daxburgh,Gektopia,"I prefer Daxburgh to Gektopia, for I love coastal cities.",Daxburgh is a coastal city.,Gektopia is a coastal city.,1
80,preference,for,love,10,skyscrapers,Wugsville,Gektopia,"I prefer Wugsville to Gektopia, for I love skyscrapers.",Wugsville has skyscrapers.,Gektopia has skyscrapers.,1
81,preference,for example,hate,1,fuzzy creatures,wugs,geks,"I hate fuzzy creatures. For example, I prefer wugs to geks.",wugs are fuzzy creatures.,geks are fuzzy creatures.,2
82,preference,for example,love,2,mammals,daxes,blickets,"I love mammals. For example, I prefer daxes to blickets.",daxes are mammals.,blickets are mammals.,1
83,preference,for example,hate,3,blue flowers,blickets,geks,"I hate blue flowers. For example, I prefer blickets to geks.",blickets are blue flowers.,geks are blue flowers.,2
84,preference,for example,hate,4,bass instruments,daxes,geks,"I hate bass instruments. For example, I prefer daxes to geks.",daxes are bass instruments.,geks are bass instruments.,2
85,preference,for example,love,5,insects,wugs,feps,"I love insects. For example, I prefer wugs to feps.",wugs are insects.,feps are insects.,1
86,preference,for example,love,6,snowy winters,Daxburgh,Blicketland,"I love snowy winters. For example, I prefer Daxburgh to Blicketland.",Daxburgh has snowy winters.,Blicketland has snowy winters.,1
87,preference,for example,love,7,living near mountains,Blicketland,Gektopia,"I love living near mountains. For example, I prefer Blicketland to Gektopia.",Blicketland has mountains.,Gektopia has mountains.,1
88,preference,for example,love,8,warm weather,Daxburgh,Fepopolis,"I love warm weather. For example, I prefer Daxburgh to Fepopolis.",Daxburgh has warm weather.,Fepopolis has warm weather.,1
89,preference,for example,hate,9,coastal cities,Fepopolis,Gektopia,"I hate coastal cities. For example, I prefer Fepopolis to Gektopia.",Fepopolis is a coastal city.,Gektopia is a coastal city.,2
90,preference,for example,hate,10,skyscrapers,Fepopolis,Blicketland,"I hate skyscrapers. For example, I prefer Fepopolis to Blicketland.",Fepopolis has skyscrapers.,Blicketland has skyscrapers.,2
91,preference,for instance,hate,1,fuzzy creatures,blickets,geks,"I hate fuzzy creatures. For instance, I prefer blickets to geks.",blickets are fuzzy creatures.,geks are fuzzy creatures.,2
92,preference,for instance,hate,2,mammals,daxes,feps,"I hate mammals. For instance, I prefer daxes to feps.",daxes are mammals.,feps are mammals.,2
93,preference,for instance,love,3,blue flowers,daxes,geks,"I love blue flowers. For instance, I prefer daxes to geks.",daxes are blue flowers.,geks are blue flowers.,1
94,preference,for instance,hate,4,bass instruments,wugs,geks,"I hate bass instruments. For instance, I prefer wugs to geks.",wugs are bass instruments.,geks are bass instruments.,2
95,preference,for instance,hate,5,insects,wugs,feps,"I hate insects. For instance, I prefer wugs to feps.",wugs are insects.,feps are insects.,2
96,preference,for instance,love,6,snowy winters,Daxburgh,Blicketland,"I love snowy winters. For instance, I prefer Daxburgh to Blicketland.",Daxburgh has snowy winters.,Blicketland has snowy winters.,1
97,preference,for instance,love,7,living near mountains,Blicketland,Gektopia,"I love living near mountains. For instance, I prefer Blicketland to Gektopia.",Blicketland has mountains.,Gektopia has mountains.,1
98,preference,for instance,hate,8,warm weather,Wugsville,Fepopolis,"I hate warm weather. For instance, I prefer Wugsville to Fepopolis.",Wugsville has warm weather.,Fepopolis has warm weather.,2
99,preference,for instance,love,9,coastal cities,Wugsville,Daxburgh,"I love coastal cities. For instance, I prefer Wugsville to Daxburgh.",Wugsville is a coastal city.,Daxburgh is a coastal city.,1
100,preference,for instance,love,10,skyscrapers,Fepopolis,Gektopia,"I love skyscrapers. For instance, I prefer Fepopolis to Gektopia.",Fepopolis has skyscrapers.,Gektopia has skyscrapers.,1
101,preference,however,love,1,fuzzy creatures,blickets,geks,"I prefer blickets to geks, however, I love fuzzy creatures.",blickets are fuzzy creatures.,geks are fuzzy creatures.,1
102,preference,however,love,2,mammals,feps,geks,"I prefer feps to geks, however, I love mammals.",feps are mammals.,geks are mammals.,1
103,preference,however,love,3,blue flowers,daxes,feps,"I prefer daxes to feps, however, I love blue flowers.",daxes are blue flowers.,feps are blue flowers.,1
104,preference,however,hate,4,bass instruments,wugs,feps,"I prefer wugs to feps, however, I hate bass instruments.",wugs are bass instruments.,feps are bass instruments.,1
105,preference,however,love,5,insects,wugs,geks,"I prefer wugs to geks, however, I love insects.",wugs are insects.,geks are insects.,1
106,preference,however,hate,6,snowy winters,Wugsville,Gektopia,"I prefer Wugsville to Gektopia, however, I hate snowy winters.",Wugsville has snowy winters.,Gektopia has snowy winters.,1
107,preference,however,love,7,living near mountains,Fepopolis,Gektopia,"I prefer Fepopolis to Gektopia, however, I love living near mountains.",Fepopolis has mountains.,Gektopia has mountains.,1
108,preference,however,hate,8,warm weather,Wugsville,Daxburgh,"I prefer Wugsville to Daxburgh, however, I hate warm weather.",Wugsville has warm weather.,Daxburgh has warm weather.,1
109,preference,however,hate,9,coastal cities,Daxburgh,Gektopia,"I prefer Daxburgh to Gektopia, however, I hate coastal cities.",Daxburgh is a coastal city.,Gektopia is a coastal city.,1
110,preference,however,hate,10,skyscrapers,Wugsville,Fepopolis,"I prefer Wugsville to Fepopolis, however, I hate skyscrapers.",Wugsville has skyscrapers.,Fepopolis has skyscrapers.,1
111,preference,nevertheless,hate,1,fuzzy creatures,daxes,geks,"I prefer daxes to geks, nevertheless, I hate fuzzy creatures.",daxes are fuzzy creatures.,geks are fuzzy creatures.,1
112,preference,nevertheless,love,2,mammals,wugs,feps,"I prefer wugs to feps, nevertheless, I love mammals.",wugs are mammals.,feps are mammals.,1
113,preference,nevertheless,love,3,blue flowers,daxes,blickets,"I love blue flowers, nevertheless, I prefer daxes to blickets.",daxes are blue flowers.,blickets are blue flowers.,1
114,preference,nevertheless,love,4,bass instruments,blickets,geks,"I love bass instruments, nevertheless, I prefer blickets to geks.",blickets are bass instruments.,geks are bass instruments.,1
115,preference,nevertheless,love,5,insects,wugs,geks,"I prefer wugs to geks, nevertheless, I love insects.",wugs are insects.,geks are insects.,1
116,preference,nevertheless,love,6,snowy winters,Daxburgh,Fepopolis,"I love snowy winters, nevertheless, I prefer Daxburgh to Fepopolis.",Daxburgh has snowy winters.,Fepopolis has snowy winters.,1
117,preference,nevertheless,hate,7,living near mountains,Wugsville,Gektopia,"I hate living near mountains, nevertheless, I prefer Wugsville to Gektopia.",Wugsville has mountains.,Gektopia has mountains.,1
118,preference,nevertheless,hate,8,warm weather,Wugsville,Fepopolis,"I prefer Wugsville to Fepopolis, nevertheless, I hate warm weather.",Wugsville has warm weather.,Fepopolis has warm weather.,1
119,preference,nevertheless,hate,9,coastal cities,Fepopolis,Gektopia,"I hate coastal cities, nevertheless, I prefer Fepopolis to Gektopia.",Fepopolis is a coastal city.,Gektopia is a coastal city.,1
120,preference,nevertheless,hate,10,skyscrapers,Daxburgh,Gektopia,"I hate skyscrapers, nevertheless, I prefer Daxburgh to Gektopia.",Daxburgh has skyscrapers.,Gektopia has skyscrapers.,1
121,preference,since,hate,1,fuzzy creatures,blickets,geks,"I prefer blickets to geks, since I hate fuzzy creatures.",blickets are fuzzy creatures.,geks are fuzzy creatures.,2
122,preference,since,love,2,mammals,daxes,blickets,"Since I love mammals, I prefer daxes to blickets.",daxes are mammals.,blickets are mammals.,1
123,preference,since,love,3,blue flowers,wugs,feps,"Since I love blue flowers, I prefer wugs to feps.",wugs are blue flowers.,feps are blue flowers.,1
124,preference,since,love,4,bass instruments,feps,geks,"I prefer feps to geks, since I love bass instruments.",feps are bass instruments.,geks are bass instruments.,1
125,preference,since,love,5,insects,wugs,daxes,"I prefer wugs to daxes, since I love insects.",wugs are insects.,daxes are insects.,1
126,preference,since,love,6,snowy winters,Blicketland,Gektopia,"Since I love snowy winters, I prefer Blicketland to Gektopia.",Blicketland has snowy winters.,Gektopia has snowy winters.,1
127,preference,since,hate,7,living near mountains,Wugsville,Gektopia,"I prefer Wugsville to Gektopia, since I hate living near mountains.",Wugsville has mountains.,Gektopia has mountains.,2
128,preference,since,hate,8,warm weather,Fepopolis,Blicketland,"I prefer Fepopolis to Blicketland, since I hate warm weather.",Fepopolis has warm weather.,Blicketland has warm weather.,2
129,preference,since,hate,9,coastal cities,Daxburgh,Blicketland,"I prefer Daxburgh to Blicketland, since I hate coastal cities.",Daxburgh is a coastal city.,Blicketland is a coastal city.,2
130,preference,since,hate,10,skyscrapers,Daxburgh,Gektopia,"I prefer Daxburgh to Gektopia, since I hate skyscrapers.",Daxburgh has skyscrapers.,Gektopia has skyscrapers.,2
131,preference,so,love,1,fuzzy creatures,wugs,blickets,"I love fuzzy creatures. So, I prefer wugs to blickets.",wugs are fuzzy creatures.,blickets are fuzzy creatures.,1
132,preference,so,hate,2,mammals,wugs,geks,"I hate mammals. So, I prefer wugs to geks.",wugs are mammals.,geks are mammals.,2
133,preference,so,love,3,blue flowers,daxes,blickets,"I love blue flowers. So, I prefer daxes to blickets.",daxes are blue flowers.,blickets are blue flowers.,1
134,preference,so,hate,4,bass instruments,daxes,feps,"I hate bass instruments. So, I prefer daxes to feps.",daxes are bass instruments.,feps are bass instruments.,2
135,preference,so,hate,5,insects,wugs,daxes,"I hate insects. So, I prefer wugs to daxes.",wugs are insects.,daxes are insects.,2
136,preference,so,hate,6,snowy winters,Daxburgh,Fepopolis,"I hate snowy winters. So, I prefer Daxburgh to Fepopolis.",Daxburgh has snowy winters.,Fepopolis has snowy winters.,2
137,preference,so,love,7,living near mountains,Wugsville,Daxburgh,"I love living near mountains. So, I prefer Wugsville to Daxburgh.",Wugsville has mountains.,Daxburgh has mountains.,1
138,preference,so,hate,8,warm weather,Fepopolis,Blicketland,"I hate warm weather. So, I prefer Fepopolis to Blicketland.",Fepopolis has warm weather.,Blicketland has warm weather.,2
139,preference,so,love,9,coastal cities,Fepopolis,Gektopia,"I love coastal cities. So, I prefer Fepopolis to Gektopia.",Fepopolis is a coastal city.,Gektopia is a coastal city.,1
140,preference,so,love,10,skyscrapers,Wugsville,Blicketland,"I love skyscrapers. So, I prefer Wugsville to Blicketland.",Wugsville has skyscrapers.,Blicketland has skyscrapers.,1
141,preference,therefore,hate,1,fuzzy creatures,blickets,geks,"I hate fuzzy creatures. Therefore, I prefer blickets to geks.",blickets are fuzzy creatures.,geks are fuzzy creatures.,2
142,preference,therefore,hate,2,mammals,daxes,geks,"I hate mammals. Therefore, I prefer daxes to geks.",daxes are mammals.,geks are mammals.,2
143,preference,therefore,love,3,blue flowers,feps,blickets,"I love blue flowers. Therefore, I prefer feps to blickets.",feps are blue flowers.,blickets are blue flowers.,1
144,preference,therefore,love,4,bass instruments,wugs,feps,"I love bass instruments. Therefore, I prefer wugs to feps.",wugs are bass instruments.,feps are bass instruments.,1
145,preference,therefore,love,5,insects,wugs,daxes,"I love insects. Therefore, I prefer wugs to daxes.",wugs are insects.,daxes are insects.,1
146,preference,therefore,love,6,snowy winters,Fepopolis,Blicketland,"I love snowy winters. Therefore, I prefer Fepopolis to Blicketland.",Fepopolis has snowy winters.,Blicketland has snowy winters.,1
147,preference,therefore,hate,7,living near mountains,Wugsville,Daxburgh,"I hate living near mountains. Therefore, I prefer Wugsville to Daxburgh.",Wugsville has mountains.,Daxburgh has mountains.,2
148,preference,therefore,hate,8,warm weather,Wugsville,Gektopia,"I hate warm weather. Therefore, I prefer Wugsville to Gektopia.",Wugsville has warm weather.,Gektopia has warm weather.,2
149,preference,therefore,hate,9,coastal cities,Wugsville,Blicketland,"I hate coastal cities. Therefore, I prefer Wugsville to Blicketland.",Wugsville is a coastal city.,Blicketland is a coastal city.,2
150,preference,therefore,love,10,skyscrapers,Daxburgh,Gektopia,"I love skyscrapers. Therefore, I prefer Daxburgh to Gektopia.",Daxburgh has skyscrapers.,Gektopia has skyscrapers.,1
151,preference,though,love,1,fuzzy creatures,wugs,feps,"Though I love fuzzy creatures, I prefer wugs to feps.",wugs are fuzzy creatures.,feps are fuzzy creatures.,1
152,preference,though,love,2,mammals,feps,geks,"I love mammals, though I prefer feps to geks.",feps are mammals.,geks are mammals.,1
153,preference,though,love,3,blue flowers,blickets,geks,"Though I love blue flowers, I prefer blickets to geks.",blickets are blue flowers.,geks are blue flowers.,1
154,preference,though,love,4,bass instruments,daxes,blickets,"I prefer daxes to blickets, though I love bass instruments.",daxes are bass instruments.,blickets are bass instruments.,1
155,preference,though,hate,5,insects,wugs,blickets,"Though I prefer wugs to blickets, I hate insects.",wugs are insects.,blickets are insects.,1
156,preference,though,hate,6,snowy winters,Daxburgh,Fepopolis,"I hate snowy winters, though I prefer Daxburgh to Fepopolis.",Daxburgh has snowy winters.,Fepopolis has snowy winters.,1
157,preference,though,hate,7,living near mountains,Wugsville,Gektopia,"Though I prefer Wugsville to Gektopia, I hate living near mountains.",Wugsville has mountains.,Gektopia has mountains.,1
158,preference,though,hate,8,warm weather,Wugsville,Daxburgh,"Though I hate warm weather, I prefer Wugsville to Daxburgh.",Wugsville has warm weather.,Daxburgh has warm weather.,1
159,preference,though,hate,9,coastal cities,Wugsville,Blicketland,"I hate coastal cities, though I prefer Wugsville to Blicketland.",Wugsville is a coastal city.,Blicketland is a coastal city.,1
160,preference,though,love,10,skyscrapers,Fepopolis,Blicketland,"Though I prefer Fepopolis to Blicketland, I love skyscrapers.",Fepopolis has skyscrapers.,Blicketland has skyscrapers.,1
161,preference,thus,hate,1,fuzzy creatures,daxes,geks,"I hate fuzzy creatures. Thus, I prefer daxes to geks.",daxes are fuzzy creatures.,geks are fuzzy creatures.,2
162,preference,thus,hate,2,mammals,wugs,blickets,"I hate mammals. Thus, I prefer wugs to blickets.",wugs are mammals.,blickets are mammals.,2
163,preference,thus,love,3,blue flowers,wugs,geks,"I love blue flowers. Thus, I prefer wugs to geks.",wugs are blue flowers.,geks are blue flowers.,1
164,preference,thus,love,4,bass instruments,daxes,feps,"I love bass instruments. Thus, I prefer daxes to feps.",daxes are bass instruments.,feps are bass instruments.,1
165,preference,thus,love,5,insects,blickets,geks,"I love insects. Thus, I prefer blickets to geks.",blickets are insects.,geks are insects.,1
166,preference,thus,love,6,snowy winters,Daxburgh,Gektopia,"I love snowy winters. Thus, I prefer Daxburgh to Gektopia.",Daxburgh has snowy winters.,Gektopia has snowy winters.,1
167,preference,thus,hate,7,living near mountains,Wugsville,Fepopolis,"I hate living near mountains. Thus, I prefer Wugsville to Fepopolis.",Wugsville has mountains.,Fepopolis has mountains.,2
168,preference,thus,love,8,warm weather,Wugsville,Blicketland,"I love warm weather. Thus, I prefer Wugsville to Blicketland.",Wugsville has warm weather.,Blicketland has warm weather.,1
169,preference,thus,hate,9,coastal cities,Wugsville,Daxburgh,"I hate coastal cities. Thus, I prefer Wugsville to Daxburgh.",Wugsville is a coastal city.,Daxburgh is a coastal city.,2
170,preference,thus,hate,10,skyscrapers,Wugsville,Gektopia,"I hate skyscrapers. Thus, I prefer Wugsville to Gektopia.",Wugsville has skyscrapers.,Gektopia has skyscrapers.,2
171,preference,while,love,1,fuzzy creatures,daxes,blickets,"While I prefer daxes to blickets, I love fuzzy creatures.",daxes are fuzzy creatures.,blickets are fuzzy creatures.,1
172,preference,while,love,2,mammals,feps,geks,"While I love mammals, I prefer feps to geks.",feps are mammals.,geks are mammals.,1
173,preference,while,love,3,blue flowers,feps,blickets,"While I prefer feps to blickets, I love blue flowers.",feps are blue flowers.,blickets are blue flowers.,1
174,preference,while,hate,4,bass instruments,daxes,geks,"While I prefer daxes to geks, I hate bass instruments.",daxes are bass instruments.,geks are bass instruments.,1
175,preference,while,love,5,insects,wugs,geks,"While I prefer wugs to geks, I love insects.",wugs are insects.,geks are insects.,1
176,preference,while,love,6,snowy winters,Wugsville,Gektopia,"While I prefer Wugsville to Gektopia, I love snowy winters.",Wugsville has snowy winters.,Gektopia has snowy winters.,1
177,preference,while,hate,7,living near mountains,Blicketland,Gektopia,"While I prefer Blicketland to Gektopia, I hate living near mountains.",Blicketland has mountains.,Gektopia has mountains.,1
178,preference,while,hate,8,warm weather,Fepopolis,Blicketland,"While I prefer Fepopolis to Blicketland, I hate warm weather.",Fepopolis has warm weather.,Blicketland has warm weather.,1
179,preference,while,hate,9,coastal cities,Daxburgh,Gektopia,"While I hate coastal cities, I prefer Daxburgh to Gektopia.",Daxburgh is a coastal city.,Gektopia is a coastal city.,1
180,preference,while,hate,10,skyscrapers,Wugsville,Daxburgh,"While I hate skyscrapers, I prefer Wugsville to Daxburgh.",Wugsville has skyscrapers.,Daxburgh has skyscrapers.,1
181,preference,yet,love,1,fuzzy creatures,wugs,daxes,"I love fuzzy creatures, yet I prefer wugs to daxes.",wugs are fuzzy creatures.,daxes are fuzzy creatures.,1
182,preference,yet,love,2,mammals,daxes,geks,"I love mammals, yet I prefer daxes to geks.",daxes are mammals.,geks are mammals.,1
183,preference,yet,love,3,blue flowers,feps,geks,"I love blue flowers, yet I prefer feps to geks.",feps are blue flowers.,geks are blue flowers.,1
184,preference,yet,hate,4,bass instruments,daxes,feps,"I hate bass instruments, yet I prefer daxes to feps.",daxes are bass instruments.,feps are bass instruments.,1
185,preference,yet,hate,5,insects,blickets,geks,"I hate insects, yet I prefer blickets to geks.",blickets are insects.,geks are insects.,1
186,preference,yet,hate,6,snowy winters,Wugsville,Fepopolis,"I hate snowy winters, yet I prefer Wugsville to Fepopolis.",Wugsville has snowy winters.,Fepopolis has snowy winters.,1
187,preference,yet,hate,7,living near mountains,Fepopolis,Gektopia,"I hate living near mountains, yet I prefer Fepopolis to Gektopia.",Fepopolis has mountains.,Gektopia has mountains.,1
188,preference,yet,love,8,warm weather,Wugsville,Daxburgh,"I love warm weather, yet I prefer Wugsville to Daxburgh.",Wugsville has warm weather.,Daxburgh has warm weather.,1
189,preference,yet,hate,9,coastal cities,Daxburgh,Fepopolis,"I hate coastal cities, yet I prefer Daxburgh to Fepopolis.",Daxburgh is a coastal city.,Fepopolis is a coastal city.,1
190,preference,yet,love,10,skyscrapers,Blicketland,Gektopia,"I love skyscrapers, yet I prefer Blicketland to Gektopia.",Blicketland has skyscrapers.,Gektopia has skyscrapers.,1
1,temporal,after,after,1,,wugfest,daxday,wugfest took place after daxday had taken place.,wugfest occured after daxday.,daxday occured after wugfest.,1
2,temporal,after,after,2,,daxday,gekxtravaganza,daxday took place after gekxtravaganza had taken place.,daxday occured after gekxtravaganza.,gekxtravaganza occured after daxday.,1
3,temporal,after,before,3,,daxday,fepfestival,"After fepfestival had taken place, daxday took place.",daxday occured before fepfestival.,fepfestival occured before daxday.,2
4,temporal,after,after,4,,blicketbash,gekxtravaganza,blicketbash took place after gekxtravaganza had taken place.,blicketbash occured after gekxtravaganza.,gekxtravaganza occured after blicketbash.,1
5,temporal,after,before,5,,fepfestival,blicketbash,"After blicketbash had taken place, fepfestival took place.",fepfestival occured before blicketbash.,blicketbash occured before fepfestival.,2
6,temporal,after,before,6,,daxday,blicketbash,daxday took place after blicketbash had taken place.,daxday occured before blicketbash.,blicketbash occured before daxday.,2
7,temporal,after,before,7,,wugfest,fepfestival,"After fepfestival had taken place, wugfest took place.",wugfest occured before fepfestival.,fepfestival occured before wugfest.,2
8,temporal,after,after,8,,wugfest,gekxtravaganza,wugfest took place after gekxtravaganza had taken place.,wugfest occured after gekxtravaganza.,gekxtravaganza occured after wugfest.,1
9,temporal,after,before,9,,wugfest,blicketbash,wugfest took place after blicketbash had taken place.,wugfest occured before blicketbash.,blicketbash occured before wugfest.,2
10,temporal,after,after,10,,fepfestival,gekxtravaganza,"After gekxtravaganza had taken place, fepfestival took place.",fepfestival occured after gekxtravaganza.,gekxtravaganza occured after fepfestival.,1
11,temporal,afterwards,before,1,,blicketbash,gekxtravaganza,"blicketbash had taken place. Afterwards, gekxtravaganza took place.",blicketbash occured before gekxtravaganza.,gekxtravaganza occured before blicketbash.,1
12,temporal,afterwards,before,2,,wugfest,blicketbash,"wugfest had taken place. Afterwards, blicketbash took place.",wugfest occured before blicketbash.,blicketbash occured before wugfest.,1
13,temporal,afterwards,after,3,,daxday,blicketbash,"daxday had taken place. Afterwards, blicketbash took place.",daxday occured after blicketbash.,blicketbash occured after daxday.,2
14,temporal,afterwards,after,4,,daxday,fepfestival,"daxday had taken place. Afterwards, fepfestival took place.",daxday occured after fepfestival.,fepfestival occured after daxday.,2
15,temporal,afterwards,before,5,,wugfest,daxday,"wugfest had taken place. Afterwards, daxday took place.",wugfest occured before daxday.,daxday occured before wugfest.,1
16,temporal,afterwards,before,6,,daxday,gekxtravaganza,"daxday had taken place. Afterwards, gekxtravaganza took place.",daxday occured before gekxtravaganza.,gekxtravaganza occured before daxday.,1
17,temporal,afterwards,before,7,,wugfest,gekxtravaganza,"wugfest had taken place. Afterwards, gekxtravaganza took place.",wugfest occured before gekxtravaganza.,gekxtravaganza occured before wugfest.,1
18,temporal,afterwards,after,8,,fepfestival,gekxtravaganza,"fepfestival had taken place. Afterwards, gekxtravaganza took place.",fepfestival occured after gekxtravaganza.,gekxtravaganza occured after fepfestival.,2
19,temporal,afterwards,after,9,,wugfest,fepfestival,"wugfest had taken place. Afterwards, fepfestival took place.",wugfest occured after fepfestival.,fepfestival occured after wugfest.,2
20,temporal,afterwards,before,10,,fepfestival,blicketbash,"fepfestival had taken place. Afterwards, blicketbash took place.",fepfestival occured before blicketbash.,blicketbash occured before fepfestival.,1
21,temporal,as soon as,before,1,,daxday,gekxtravaganza,"As soon as gekxtravaganza had taken place, daxday took place.",daxday occured before gekxtravaganza.,gekxtravaganza occured before daxday.,2
22,temporal,as soon as,before,2,,daxday,blicketbash,"As soon as blicketbash had taken place, daxday took place.",daxday occured before blicketbash.,blicketbash occured before daxday.,2
23,temporal,as soon as,before,3,,wugfest,gekxtravaganza,wugfest took place as soon as gekxtravaganza had taken place.,wugfest occured before gekxtravaganza.,gekxtravaganza occured before wugfest.,2
24,temporal,as soon as,before,4,,fepfestival,gekxtravaganza,"As soon as gekxtravaganza had taken place, fepfestival took place.",fepfestival occured before gekxtravaganza.,gekxtravaganza occured before fepfestival.,2
25,temporal,as soon as,before,5,,wugfest,blicketbash,wugfest took place as soon as blicketbash had taken place.,wugfest occured before blicketbash.,blicketbash occured before wugfest.,2
26,temporal,as soon as,after,6,,wugfest,fepfestival,"As soon as fepfestival had taken place, wugfest took place.",wugfest occured after fepfestival.,fepfestival occured after wugfest.,1
27,temporal,as soon as,after,7,,wugfest,daxday,"As soon as daxday had taken place, wugfest took place.",wugfest occured after daxday.,daxday occured after wugfest.,1
28,temporal,as soon as,after,8,,daxday,fepfestival,"As soon as fepfestival had taken place, daxday took place.",daxday occured after fepfestival.,fepfestival occured after daxday.,1
29,temporal,as soon as,before,9,,blicketbash,gekxtravaganza,blicketbash took place as soon as gekxtravaganza had taken place.,blicketbash occured before gekxtravaganza.,gekxtravaganza occured before blicketbash.,2
30,temporal,as soon as,after,10,,fepfestival,blicketbash,"As soon as blicketbash had taken place, fepfestival took place.",fepfestival occured after blicketbash.,blicketbash occured after fepfestival.,1
31,temporal,as a result,after,1,,wugfest,gekxtravaganza,"wugfest took place. As a result, gekxtravaganza was able to take place.",wugfest occured after gekxtravaganza.,gekxtravaganza occured after wugfest.,2
32,temporal,as a result,after,2,,daxday,blicketbash,"daxday took place. As a result, blicketbash was able to take place.",daxday occured after blicketbash.,blicketbash occured after daxday.,2
33,temporal,as a result,after,3,,wugfest,blicketbash,blicketbash was able to take place as a result of wugfest.,wugfest occured after blicketbash.,blicketbash occured after wugfest.,2
34,temporal,as a result,after,4,,daxday,gekxtravaganza,gekxtravaganza was able to take place as a result of daxday.,daxday occured after gekxtravaganza.,gekxtravaganza occured after daxday.,2
35,temporal,as a result,before,5,,fepfestival,gekxtravaganza,gekxtravaganza was able to take place as a result of fepfestival.,fepfestival occured before gekxtravaganza.,gekxtravaganza occured before fepfestival.,1
36,temporal,as a result,before,6,,wugfest,fepfestival,"wugfest took place. As a result, fepfestival was able to take place.",wugfest occured before fepfestival.,fepfestival occured before wugfest.,1
37,temporal,as a result,before,7,,fepfestival,blicketbash,blicketbash was able to take place as a result of fepfestival.,fepfestival occured before blicketbash.,blicketbash occured before fepfestival.,1
38,temporal,as a result,after,8,,wugfest,daxday,daxday was able to take place as a result of wugfest.,wugfest occured after daxday.,daxday occured after wugfest.,2
39,temporal,as a result,after,9,,daxday,fepfestival,"daxday took place. As a result, fepfestival was able to take place.",daxday occured after fepfestival.,fepfestival occured after daxday.,2
40,temporal,as a result,before,10,,blicketbash,gekxtravaganza,gekxtravaganza was able to take place as a result of blicketbash.,blicketbash occured before gekxtravaganza.,gekxtravaganza occured before blicketbash.,1
41,temporal,because,before,1,,wugfest,fepfestival,"because fepfestival took place, wugfest was able to take place.",wugfest occured before fepfestival.,fepfestival occured before wugfest.,2
42,temporal,because,after,2,,wugfest,blicketbash,"because blicketbash took place, wugfest was able to take place.",wugfest occured after blicketbash.,blicketbash occured after wugfest.,1
43,temporal,because,before,3,,fepfestival,blicketbash,"because blicketbash took place, fepfestival was able to take place.",fepfestival occured before blicketbash.,blicketbash occured before fepfestival.,2
44,temporal,because,before,4,,blicketbash,gekxtravaganza,blicketbash was able to take place because gekxtravaganza took place.,blicketbash occured before gekxtravaganza.,gekxtravaganza occured before blicketbash.,2
45,temporal,because,after,5,,wugfest,gekxtravaganza,wugfest was able to take place because gekxtravaganza took place.,wugfest occured after gekxtravaganza.,gekxtravaganza occured after wugfest.,1
46,temporal,because,after,6,,daxday,fepfestival,"because fepfestival took place, daxday was able to take place.",daxday occured after fepfestival.,fepfestival occured after daxday.,1
47,temporal,because,after,7,,daxday,blicketbash,daxday was able to take place because blicketbash took place.,daxday occured after blicketbash.,blicketbash occured after daxday.,1
48,temporal,because,before,8,,wugfest,daxday,"because daxday took place, wugfest was able to take place.",wugfest occured before daxday.,daxday occured before wugfest.,2
49,temporal,because,after,9,,fepfestival,gekxtravaganza,"because gekxtravaganza took place, fepfestival was able to take place.",fepfestival occured after gekxtravaganza.,gekxtravaganza occured after fepfestival.,1
50,temporal,because,before,10,,daxday,gekxtravaganza,"because gekxtravaganza took place, daxday was able to take place.",daxday occured before gekxtravaganza.,gekxtravaganza occured before daxday.,2
51,temporal,before,after,1,,wugfest,blicketbash,"Before blicketbash took place, wugfest had taken place.",wugfest occured after blicketbash.,blicketbash occured after wugfest.,2
52,temporal,before,before,2,,wugfest,daxday,wugfest took place before daxday.,wugfest occured before daxday.,daxday occured before wugfest.,1
53,temporal,before,before,3,,blicketbash,gekxtravaganza,blicketbash took place before gekxtravaganza.,blicketbash occured before gekxtravaganza.,gekxtravaganza occured before blicketbash.,1
54,temporal,before,after,4,,wugfest,fepfestival,wugfest took place before fepfestival.,wugfest occured after fepfestival.,fepfestival occured after wugfest.,2
55,temporal,before,after,5,,daxday,blicketbash,"Before blicketbash took place, daxday had taken place.",daxday occured after blicketbash.,blicketbash occured after daxday.,2
56,temporal,before,after,6,,wugfest,gekxtravaganza,"Before gekxtravaganza took place, wugfest had taken place.",wugfest occured after gekxtravaganza.,gekxtravaganza occured after wugfest.,2
57,temporal,before,after,7,,fepfestival,blicketbash,"Before blicketbash took place, fepfestival had taken place.",fepfestival occured after blicketbash.,blicketbash occured after fepfestival.,2
58,temporal,before,after,8,,daxday,gekxtravaganza,"Before gekxtravaganza took place, daxday had taken place.",daxday occured after gekxtravaganza.,gekxtravaganza occured after daxday.,2
59,temporal,before,after,9,,daxday,fepfestival,daxday took place before fepfestival.,daxday occured after fepfestival.,fepfestival occured after daxday.,2
60,temporal,before,after,10,,fepfestival,gekxtravaganza,"Before gekxtravaganza took place, fepfestival had taken place.",fepfestival occured after gekxtravaganza.,gekxtravaganza occured after fepfestival.,2
61,temporal,consequently,after,1,,wugfest,blicketbash,"wugfest took place. Consequently, blicketbash was able to take place.",wugfest occured after blicketbash.,blicketbash occured after wugfest.,2
62,temporal,consequently,after,2,,blicketbash,gekxtravaganza,"blicketbash took place. Consequently, gekxtravaganza was able to take place.",blicketbash occured after gekxtravaganza.,gekxtravaganza occured after blicketbash.,2
63,temporal,consequently,before,3,,daxday,fepfestival,"daxday took place. Consequently, fepfestival was able to take place.",daxday occured before fepfestival.,fepfestival occured before daxday.,1
64,temporal,consequently,before,4,,wugfest,fepfestival,"wugfest took place. Consequently, fepfestival was able to take place.",wugfest occured before fepfestival.,fepfestival occured before wugfest.,1
65,temporal,consequently,after,5,,daxday,gekxtravaganza,"daxday took place. Consequently, gekxtravaganza was able to take place.",daxday occured after gekxtravaganza.,gekxtravaganza occured after daxday.,2
66,temporal,consequently,before,6,,wugfest,gekxtravaganza,"wugfest took place. Consequently, gekxtravaganza was able to take place.",wugfest occured before gekxtravaganza.,gekxtravaganza occured before wugfest.,1
67,temporal,consequently,before,7,,fepfestival,gekxtravaganza,"fepfestival took place. Consequently, gekxtravaganza was able to take place.",fepfestival occured before gekxtravaganza.,gekxtravaganza occured before fepfestival.,1
68,temporal,consequently,after,8,,fepfestival,blicketbash,"fepfestival took place. Consequently, blicketbash was able to take place.",fepfestival occured after blicketbash.,blicketbash occured after fepfestival.,2
69,temporal,consequently,before,9,,daxday,blicketbash,"daxday took place. Consequently, blicketbash was able to take place.",daxday occured before blicketbash.,blicketbash occured before daxday.,1
70,temporal,consequently,after,10,,wugfest,daxday,"wugfest took place. Consequently, daxday was able to take place.",wugfest occured after daxday.,daxday occured after wugfest.,2
71,temporal,earlier,after,1,,wugfest,blicketbash,"wugfest took place. Earlier, blicketbash had taken place.",wugfest occured after blicketbash.,blicketbash occured after wugfest.,1
72,temporal,earlier,after,2,,fepfestival,gekxtravaganza,"fepfestival took place. Earlier, gekxtravaganza had taken place.",fepfestival occured after gekxtravaganza.,gekxtravaganza occured after fepfestival.,1
73,temporal,earlier,before,3,,daxday,fepfestival,"daxday took place. Earlier, fepfestival had taken place.",daxday occured before fepfestival.,fepfestival occured before daxday.,2
74,temporal,earlier,after,4,,blicketbash,gekxtravaganza,"blicketbash took place. Earlier, gekxtravaganza had taken place.",blicketbash occured after gekxtravaganza.,gekxtravaganza occured after blicketbash.,
75,temporal,earlier,before,5,,fepfestival,blicketbash,"fepfestival took place. Earlier, blicketbash had taken place.",fepfestival occured before blicketbash.,blicketbash occured before fepfestival.,2
76,temporal,earlier,before,6,,daxday,blicketbash,"daxday took place. Earlier, blicketbash had taken place.",daxday occured before blicketbash.,blicketbash occured before daxday.,2
77,temporal,earlier,before,7,,wugfest,daxday,"wugfest took place. Earlier, daxday had taken place.",wugfest occured before daxday.,daxday occured before wugfest.,2
78,temporal,earlier,before,8,,daxday,gekxtravaganza,"daxday took place. Earlier, gekxtravaganza had taken place.",daxday occured before gekxtravaganza.,gekxtravaganza occured before daxday.,2
79,temporal,earlier,after,9,,wugfest,fepfestival,"wugfest took place. Earlier, fepfestival had taken place.",wugfest occured after fepfestival.,fepfestival occured after wugfest.,1
80,temporal,earlier,before,10,,wugfest,gekxtravaganza,"wugfest took place. Earlier, gekxtravaganza had taken place.",wugfest occured before gekxtravaganza.,gekxtravaganza occured before wugfest.,2
81,temporal,even after,before,1,,daxday,gekxtravaganza,daxday was able to take place even after gekxtravaganza had taken place.,daxday occured before gekxtravaganza.,gekxtravaganza occured before daxday.,2
82,temporal,even after,before,2,,wugfest,fepfestival,wugfest was able to take place even after fepfestival had taken place.,wugfest occured before fepfestival.,fepfestival occured before wugfest.,2
83,temporal,even after,after,3,,daxday,blicketbash,daxday was able to take place even after blicketbash had taken place.,daxday occured after blicketbash.,blicketbash occured after daxday.,1
84,temporal,even after,after,4,,fepfestival,gekxtravaganza,"Even after gekxtravaganza had taken place, fepfestival was able to take place.",fepfestival occured after gekxtravaganza.,gekxtravaganza occured after fepfestival.,1
85,temporal,even after,before,5,,blicketbash,gekxtravaganza,blicketbash was able to take place even after gekxtravaganza had taken place.,blicketbash occured before gekxtravaganza.,gekxtravaganza occured before blicketbash.,2
86,temporal,even after,after,6,,wugfest,gekxtravaganza,wugfest was able to take place even after gekxtravaganza had taken place.,wugfest occured after gekxtravaganza.,gekxtravaganza occured after wugfest.,1
87,temporal,even after,after,7,,wugfest,daxday,"Even after daxday had taken place, wugfest was able to take place.",wugfest occured after daxday.,daxday occured after wugfest.,1
88,temporal,even after,before,8,,wugfest,blicketbash,"Even after blicketbash had taken place, wugfest was able to take place.",wugfest occured before blicketbash.,blicketbash occured before wugfest.,2
89,temporal,even after,before,9,,daxday,fepfestival,daxday was able to take place even after fepfestival had taken place.,daxday occured before fepfestival.,fepfestival occured before daxday.,2
90,temporal,even after,before,10,,fepfestival,blicketbash,fepfestival was able to take place even after blicketbash had taken place.,fepfestival occured before blicketbash.,blicketbash occured before fepfestival.,2
91,temporal,even before,before,1,,wugfest,gekxtravaganza,gekxtravaganza had taken place even before wugfest took place.,wugfest occured before gekxtravaganza.,gekxtravaganza occured before wugfest.,2
92,temporal,even before,before,2,,fepfestival,gekxtravaganza,"Even before fepfestival took place, gekxtravaganza had taken place.",fepfestival occured before gekxtravaganza.,gekxtravaganza occured before fepfestival.,
93,temporal,even before,after,3,,wugfest,fepfestival,"Even before wugfest took place, fepfestival had taken place.",wugfest occured after fepfestival.,fepfestival occured after wugfest.,1
94,temporal,even before,before,4,,fepfestival,blicketbash,blicketbash had taken place even before fepfestival took place.,fepfestival occured before blicketbash.,blicketbash occured before fepfestival.,2
95,temporal,even before,before,5,,daxday,gekxtravaganza,gekxtravaganza had taken place even before daxday took place.,daxday occured before gekxtravaganza.,gekxtravaganza occured before daxday.,2
96,temporal,even before,before,6,,wugfest,daxday,daxday had taken place even before wugfest took place.,wugfest occured before daxday.,daxday occured before wugfest.,2
97,temporal,even before,before,7,,daxday,blicketbash,"Even before daxday took place, blicketbash had taken place.",daxday occured before blicketbash.,blicketbash occured before daxday.,2
98,temporal,even before,after,8,,wugfest,blicketbash,"Even before wugfest took place, blicketbash had taken place.",wugfest occured after blicketbash.,blicketbash occured after wugfest.,
99,temporal,even before,before,9,,daxday,fepfestival,"Even before daxday took place, fepfestival had taken place.",daxday occured before fepfestival.,fepfestival occured before daxday.,2
100,temporal,even before,after,10,,blicketbash,gekxtravaganza,gekxtravaganza had taken place even before blicketbash took place.,blicketbash occured after gekxtravaganza.,gekxtravaganza occured after blicketbash.,1
101,temporal,even though,after,1,,blicketbash,gekxtravaganza,"Even though gekxtravaganza had taken place, blicketbash took place.",blicketbash occured after gekxtravaganza.,gekxtravaganza occured after blicketbash.,1
102,temporal,even though,after,2,,fepfestival,blicketbash,"Even though blicketbash had taken place, fepfestival took place.",fepfestival occured after blicketbash.,blicketbash occured after fepfestival.,1
103,temporal,even though,before,3,,fepfestival,gekxtravaganza,fepfestival took place even though gekxtravaganza had taken place.,fepfestival occured before gekxtravaganza.,gekxtravaganza occured before fepfestival.,2
104,temporal,even though,before,4,,daxday,gekxtravaganza,"Even though gekxtravaganza had taken place, daxday took place.",daxday occured before gekxtravaganza.,gekxtravaganza occured before daxday.,2
105,temporal,even though,before,5,,daxday,blicketbash,daxday took place even though blicketbash had taken place.,daxday occured before blicketbash.,blicketbash occured before daxday.,2
106,temporal,even though,before,6,,wugfest,blicketbash,"Even though blicketbash had taken place, wugfest took place.",wugfest occured before blicketbash.,blicketbash occured before wugfest.,2
107,temporal,even though,after,7,,wugfest,gekxtravaganza,"Even though gekxtravaganza had taken place, wugfest took place.",wugfest occured after gekxtravaganza.,gekxtravaganza occured after wugfest.,1
108,temporal,even though,before,8,,wugfest,fepfestival,wugfest took place even though fepfestival had taken place.,wugfest occured before fepfestival.,fepfestival occured before wugfest.,2
109,temporal,even though,after,9,,daxday,fepfestival,daxday took place even though fepfestival had taken place.,daxday occured after fepfestival.,fepfestival occured after daxday.,1
110,temporal,even though,before,10,,wugfest,daxday,wugfest took place even though daxday had taken place.,wugfest occured before daxday.,daxday occured before wugfest.,2
111,temporal,finally,after,1,,daxday,blicketbash,"daxday had taken place. Finally, blicketbash took place.",daxday occured after blicketbash.,blicketbash occured after daxday.,2
112,temporal,finally,before,2,,fepfestival,gekxtravaganza,"fepfestival had taken place. Finally, gekxtravaganza took place.",fepfestival occured before gekxtravaganza.,gekxtravaganza occured before fepfestival.,1
113,temporal,finally,after,3,,blicketbash,gekxtravaganza,"blicketbash had taken place. Finally, gekxtravaganza took place.",blicketbash occured after gekxtravaganza.,gekxtravaganza occured after blicketbash.,2
114,temporal,finally,after,4,,wugfest,daxday,"wugfest had taken place. Finally, daxday took place.",wugfest occured after daxday.,daxday occured after wugfest.,2
115,temporal,finally,after,5,,wugfest,blicketbash,"wugfest had taken place. Finally, blicketbash took place.",wugfest occured after blicketbash.,blicketbash occured after wugfest.,2
116,temporal,finally,before,6,,wugfest,gekxtravaganza,"wugfest had taken place. Finally, gekxtravaganza took place.",wugfest occured before gekxtravaganza.,gekxtravaganza occured before wugfest.,1
117,temporal,finally,after,7,,daxday,fepfestival,"daxday had taken place. Finally, fepfestival took place.",daxday occured after fepfestival.,fepfestival occured after daxday.,2
118,temporal,finally,after,8,,fepfestival,blicketbash,"fepfestival had taken place. Finally, blicketbash took place.",fepfestival occured after blicketbash.,blicketbash occured after fepfestival.,2
119,temporal,finally,before,9,,wugfest,fepfestival,"wugfest had taken place. Finally, fepfestival took place.",wugfest occured before fepfestival.,fepfestival occured before wugfest.,1
120,temporal,finally,before,10,,daxday,gekxtravaganza,"daxday had taken place. Finally, gekxtravaganza took place.",daxday occured before gekxtravaganza.,gekxtravaganza occured before daxday.,1
121,temporal,hence,after,1,,daxday,gekxtravaganza,"daxday had taken place. Hence, gekxtravaganza took place.",daxday occured after gekxtravaganza.,gekxtravaganza occured after daxday.,2
122,temporal,hence,after,2,,fepfestival,blicketbash,"fepfestival had taken place. Hence, blicketbash took place.",fepfestival occured after blicketbash.,blicketbash occured after fepfestival.,2
123,temporal,hence,after,3,,daxday,blicketbash,"daxday had taken place. Hence, blicketbash took place.",daxday occured after blicketbash.,blicketbash occured after daxday.,2
124,temporal,hence,before,4,,wugfest,daxday,"wugfest had taken place. Hence, daxday took place.",wugfest occured before daxday.,daxday occured before wugfest.,1
125,temporal,hence,before,5,,daxday,fepfestival,"daxday had taken place. Hence, fepfestival took place.",daxday occured before fepfestival.,fepfestival occured before daxday.,1
126,temporal,hence,after,6,,wugfest,fepfestival,"wugfest had taken place. Hence, fepfestival took place.",wugfest occured after fepfestival.,fepfestival occured after wugfest.,2
127,temporal,hence,before,7,,wugfest,blicketbash,"wugfest had taken place. Hence, blicketbash took place.",wugfest occured before blicketbash.,blicketbash occured before wugfest.,1
128,temporal,hence,before,8,,fepfestival,gekxtravaganza,"fepfestival had taken place. Hence, gekxtravaganza took place.",fepfestival occured before gekxtravaganza.,gekxtravaganza occured before fepfestival.,
129,temporal,hence,after,9,,wugfest,gekxtravaganza,"wugfest had taken place. Hence, gekxtravaganza took place.",wugfest occured after gekxtravaganza.,gekxtravaganza occured after wugfest.,2
130,temporal,hence,before,10,,blicketbash,gekxtravaganza,"blicketbash had taken place. Hence, gekxtravaganza took place.",blicketbash occured before gekxtravaganza.,gekxtravaganza occured before blicketbash.,1
131,temporal,later,after,1,,daxday,gekxtravaganza,"daxday had taken place. Later, gekxtravaganza took place.",daxday occured after gekxtravaganza.,gekxtravaganza occured after daxday.,2
132,temporal,later,after,2,,wugfest,blicketbash,"wugfest had taken place. Later, blicketbash took place.",wugfest occured after blicketbash.,blicketbash occured after wugfest.,2
133,temporal,later,before,3,,wugfest,fepfestival,"wugfest had taken place. Later, fepfestival took place.",wugfest occured before fepfestival.,fepfestival occured before wugfest.,
134,temporal,later,before,4,,fepfestival,blicketbash,"fepfestival had taken place. Later, blicketbash took place.",fepfestival occured before blicketbash.,blicketbash occured before fepfestival.,1
135,temporal,later,after,5,,fepfestival,gekxtravaganza,"fepfestival had taken place. Later, gekxtravaganza took place.",fepfestival occured after gekxtravaganza.,gekxtravaganza occured after fepfestival.,2
136,temporal,later,after,6,,daxday,blicketbash,"daxday had taken place. Later, blicketbash took place.",daxday occured after blicketbash.,blicketbash occured after daxday.,2
137,temporal,later,after,7,,wugfest,gekxtravaganza,"wugfest had taken place. Later, gekxtravaganza took place.",wugfest occured after gekxtravaganza.,gekxtravaganza occured after wugfest.,2
138,temporal,later,after,8,,daxday,fepfestival,"daxday had taken place. Later, fepfestival took place.",daxday occured after fepfestival.,fepfestival occured after daxday.,2
139,temporal,later,before,9,,wugfest,daxday,"wugfest had taken place. Later, daxday took place.",wugfest occured before daxday.,daxday occured before wugfest.,1
140,temporal,later,before,10,,blicketbash,gekxtravaganza,"blicketbash had taken place. Later, gekxtravaganza took place.",blicketbash occured before gekxtravaganza.,gekxtravaganza occured before blicketbash.,1
141,temporal,next,after,1,,wugfest,fepfestival,"wugfest had taken place. Next, fepfestival took place.",wugfest occured after fepfestival.,fepfestival occured after wugfest.,2
142,temporal,next,before,2,,wugfest,daxday,"wugfest had taken place. Next, daxday took place.",wugfest occured before daxday.,daxday occured before wugfest.,1
143,temporal,next,before,3,,wugfest,blicketbash,"wugfest had taken place. Next, blicketbash took place.",wugfest occured before blicketbash.,blicketbash occured before wugfest.,1
144,temporal,next,after,4,,daxday,fepfestival,"daxday had taken place. Next, fepfestival took place.",daxday occured after fepfestival.,fepfestival occured after daxday.,2
145,temporal,next,before,5,,fepfestival,blicketbash,"fepfestival had taken place. Next, blicketbash took place.",fepfestival occured before blicketbash.,blicketbash occured before fepfestival.,1
146,temporal,next,before,6,,blicketbash,gekxtravaganza,"blicketbash had taken place. Next, gekxtravaganza took place.",blicketbash occured before gekxtravaganza.,gekxtravaganza occured before blicketbash.,1
147,temporal,next,after,7,,fepfestival,gekxtravaganza,"fepfestival had taken place. Next, gekxtravaganza took place.",fepfestival occured after gekxtravaganza.,gekxtravaganza occured after fepfestival.,2
148,temporal,next,before,8,,daxday,blicketbash,"daxday had taken place. Next, blicketbash took place.",daxday occured before blicketbash.,blicketbash occured before daxday.,1
149,temporal,next,before,9,,daxday,gekxtravaganza,"daxday had taken place. Next, gekxtravaganza took place.",daxday occured before gekxtravaganza.,gekxtravaganza occured before daxday.,1
150,temporal,next,after,10,,wugfest,gekxtravaganza,"wugfest had taken place. Next, gekxtravaganza took place.",wugfest occured after gekxtravaganza.,gekxtravaganza occured after wugfest.,2
151,temporal,once,after,1,,wugfest,blicketbash,"Once blicketbash had taken place, wugfest took place.",wugfest occured after blicketbash.,blicketbash occured after wugfest.,1
152,temporal,once,before,2,,daxday,fepfestival,daxday took place once fepfestival had taken place.,daxday occured before fepfestival.,fepfestival occured before daxday.,2
153,temporal,once,after,3,,wugfest,daxday,"Once daxday had taken place, wugfest took place.",wugfest occured after daxday.,daxday occured after wugfest.,1
154,temporal,once,after,4,,daxday,gekxtravaganza,daxday took place once gekxtravaganza had taken place.,daxday occured after gekxtravaganza.,gekxtravaganza occured after daxday.,1
155,temporal,once,after,5,,fepfestival,blicketbash,"Once blicketbash had taken place, fepfestival took place.",fepfestival occured after blicketbash.,blicketbash occured after fepfestival.,1
156,temporal,once,after,6,,blicketbash,gekxtravaganza,blicketbash took place once gekxtravaganza had taken place.,blicketbash occured after gekxtravaganza.,gekxtravaganza occured after blicketbash.,1
157,temporal,once,after,7,,fepfestival,gekxtravaganza,"Once gekxtravaganza had taken place, fepfestival took place.",fepfestival occured after gekxtravaganza.,gekxtravaganza occured after fepfestival.,1
158,temporal,once,before,8,,wugfest,gekxtravaganza,wugfest took place once gekxtravaganza had taken place.,wugfest occured before gekxtravaganza.,gekxtravaganza occured before wugfest.,2
159,temporal,once,before,9,,wugfest,fepfestival,wugfest took place once fepfestival had taken place.,wugfest occured before fepfestival.,fepfestival occured before wugfest.,2
160,temporal,once,before,10,,daxday,blicketbash,"Once blicketbash had taken place, daxday took place.",daxday occured before blicketbash.,blicketbash occured before daxday.,2
161,temporal,previously,after,1,,wugfest,fepfestival,"wugfest took place. Previously, fepfestival had taken place.",wugfest occured after fepfestival.,fepfestival occured after wugfest.,1
162,temporal,previously,before,2,,daxday,fepfestival,"daxday took place. Previously, fepfestival had taken place.",daxday occured before fepfestival.,fepfestival occured before daxday.,2
163,temporal,previously,before,3,,wugfest,gekxtravaganza,"wugfest took place. Previously, gekxtravaganza had taken place.",wugfest occured before gekxtravaganza.,gekxtravaganza occured before wugfest.,
164,temporal,previously,after,4,,wugfest,daxday,"wugfest took place. Previously, daxday had taken place.",wugfest occured after daxday.,daxday occured after wugfest.,1
165,temporal,previously,before,5,,fepfestival,gekxtravaganza,"fepfestival took place. Previously, gekxtravaganza had taken place.",fepfestival occured before gekxtravaganza.,gekxtravaganza occured before fepfestival.,2
166,temporal,previously,after,6,,daxday,gekxtravaganza,"daxday took place. Previously, gekxtravaganza had taken place.",daxday occured after gekxtravaganza.,gekxtravaganza occured after daxday.,1
167,temporal,previously,before,7,,blicketbash,gekxtravaganza,"blicketbash took place. Previously, gekxtravaganza had taken place.",blicketbash occured before gekxtravaganza.,gekxtravaganza occured before blicketbash.,2
168,temporal,previously,after,8,,wugfest,blicketbash,"wugfest took place. Previously, blicketbash had taken place.",wugfest occured after blicketbash.,blicketbash occured after wugfest.,1
169,temporal,previously,after,9,,daxday,blicketbash,"daxday took place. Previously, blicketbash had taken place.",daxday occured after blicketbash.,blicketbash occured after daxday.,1
170,temporal,previously,before,10,,fepfestival,blicketbash,"fepfestival took place. Previously, blicketbash had taken place.",fepfestival occured before blicketbash.,blicketbash occured before fepfestival.,2
171,temporal,since,before,1,,wugfest,fepfestival,"Since fepfestival had taken place, wugfest took place.",wugfest occured before fepfestival.,fepfestival occured before wugfest.,2
172,temporal,since,before,2,,fepfestival,gekxtravaganza,"Since gekxtravaganza had taken place, fepfestival took place.",fepfestival occured before gekxtravaganza.,gekxtravaganza occured before fepfestival.,2
173,temporal,since,after,3,,wugfest,daxday,wugfest took place since daxday had taken place.,wugfest occured after daxday.,daxday occured after wugfest.,1
174,temporal,since,after,4,,blicketbash,gekxtravaganza,blicketbash took place since gekxtravaganza had taken place.,blicketbash occured after gekxtravaganza.,gekxtravaganza occured after blicketbash.,1
175,temporal,since,after,5,,daxday,blicketbash,"Since blicketbash had taken place, daxday took place.",daxday occured after blicketbash.,blicketbash occured after daxday.,1
176,temporal,since,after,6,,fepfestival,blicketbash,fepfestival took place since blicketbash had taken place.,fepfestival occured after blicketbash.,blicketbash occured after fepfestival.,
177,temporal,since,before,7,,daxday,gekxtravaganza,"Since gekxtravaganza had taken place, daxday took place.",daxday occured before gekxtravaganza.,gekxtravaganza occured before daxday.,2
178,temporal,since,after,8,,wugfest,blicketbash,wugfest took place since blicketbash had taken place.,wugfest occured after blicketbash.,blicketbash occured after wugfest.,1
179,temporal,since,before,9,,wugfest,gekxtravaganza,"Since gekxtravaganza had taken place, wugfest took place.",wugfest occured before gekxtravaganza.,gekxtravaganza occured before wugfest.,2
180,temporal,since,before,10,,daxday,fepfestival,daxday took place since fepfestival had taken place.,daxday occured before fepfestival.,fepfestival occured before daxday.,2
181,temporal,so,before,1,,blicketbash,gekxtravaganza,"blicketbash had taken place. So, gekxtravaganza took place.",blicketbash occured before gekxtravaganza.,gekxtravaganza occured before blicketbash.,1
182,temporal,so,after,2,,daxday,fepfestival,"daxday had taken place. So, fepfestival took place.",daxday occured after fepfestival.,fepfestival occured after daxday.,2
183,temporal,so,before,3,,wugfest,blicketbash,"wugfest had taken place. So, blicketbash took place.",wugfest occured before blicketbash.,blicketbash occured before wugfest.,1
184,temporal,so,before,4,,wugfest,gekxtravaganza,"wugfest had taken place. So, gekxtravaganza took place.",wugfest occured before gekxtravaganza.,gekxtravaganza occured before wugfest.,1
185,temporal,so,after,5,,fepfestival,gekxtravaganza,"fepfestival had taken place. So, gekxtravaganza took place.",fepfestival occured after gekxtravaganza.,gekxtravaganza occured after fepfestival.,2
186,temporal,so,after,6,,wugfest,daxday,"wugfest had taken place. So, daxday took place.",wugfest occured after daxday.,daxday occured after wugfest.,2
187,temporal,so,before,7,,fepfestival,blicketbash,"fepfestival had taken place. So, blicketbash took place.",fepfestival occured before blicketbash.,blicketbash occured before fepfestival.,1
188,temporal,so,before,8,,daxday,gekxtravaganza,"daxday had taken place. So, gekxtravaganza took place.",daxday occured before gekxtravaganza.,gekxtravaganza occured before daxday.,1
189,temporal,so,before,9,,wugfest,fepfestival,"wugfest had taken place. So, fepfestival took place.",wugfest occured before fepfestival.,fepfestival occured before wugfest.,
190,temporal,so,after,10,,daxday,blicketbash,"daxday had taken place. So, blicketbash took place.",daxday occured after blicketbash.,blicketbash occured after daxday.,2
191,temporal,subsequently,before,1,,daxday,fepfestival,"daxday had taken place. Subsequently, fepfestival took place.",daxday occured before fepfestival.,fepfestival occured before daxday.,1
192,temporal,subsequently,before,2,,wugfest,blicketbash,"wugfest had taken place. Subsequently, blicketbash took place.",wugfest occured before blicketbash.,blicketbash occured before wugfest.,1
193,temporal,subsequently,after,3,,daxday,gekxtravaganza,"daxday had taken place. Subsequently, gekxtravaganza took place.",daxday occured after gekxtravaganza.,gekxtravaganza occured after daxday.,2
194,temporal,subsequently,after,4,,fepfestival,blicketbash,"fepfestival had taken place. Subsequently, blicketbash took place.",fepfestival occured after blicketbash.,blicketbash occured after fepfestival.,2
195,temporal,subsequently,after,5,,wugfest,daxday,"wugfest had taken place. Subsequently, daxday took place.",wugfest occured after daxday.,daxday occured after wugfest.,2
196,temporal,subsequently,before,6,,wugfest,gekxtravaganza,"wugfest had taken place. Subsequently, gekxtravaganza took place.",wugfest occured before gekxtravaganza.,gekxtravaganza occured before wugfest.,1
197,temporal,subsequently,before,7,,wugfest,fepfestival,"wugfest had taken place. Subsequently, fepfestival took place.",wugfest occured before fepfestival.,fepfestival occured before wugfest.,1
198,temporal,subsequently,after,8,,fepfestival,gekxtravaganza,"fepfestival had taken place. Subsequently, gekxtravaganza took place.",fepfestival occured after gekxtravaganza.,gekxtravaganza occured after fepfestival.,2
199,temporal,subsequently,before,9,,daxday,blicketbash,"daxday had taken place. Subsequently, blicketbash took place.",daxday occured before blicketbash.,blicketbash occured before daxday.,1
200,temporal,subsequently,after,10,,blicketbash,gekxtravaganza,"blicketbash had taken place. Subsequently, gekxtravaganza took place.",blicketbash occured after gekxtravaganza.,gekxtravaganza occured after blicketbash.,2
201,temporal,then,after,1,,wugfest,blicketbash,"wugfest had taken place. Then, blicketbash took place.",wugfest occured after blicketbash.,blicketbash occured after wugfest.,2
202,temporal,then,after,2,,daxday,gekxtravaganza,"daxday had taken place. Then, gekxtravaganza took place.",daxday occured after gekxtravaganza.,gekxtravaganza occured after daxday.,2
203,temporal,then,after,3,,wugfest,gekxtravaganza,"wugfest had taken place. Then, gekxtravaganza took place.",wugfest occured after gekxtravaganza.,gekxtravaganza occured after wugfest.,2
204,temporal,then,before,4,,wugfest,daxday,"wugfest had taken place. Then, daxday took place.",wugfest occured before daxday.,daxday occured before wugfest.,1
205,temporal,then,before,5,,fepfestival,blicketbash,"fepfestival had taken place. Then, blicketbash took place.",fepfestival occured before blicketbash.,blicketbash occured before fepfestival.,1
206,temporal,then,after,6,,fepfestival,gekxtravaganza,"fepfestival had taken place. Then, gekxtravaganza took place.",fepfestival occured after gekxtravaganza.,gekxtravaganza occured after fepfestival.,2
207,temporal,then,before,7,,daxday,fepfestival,"daxday had taken place. Then, fepfestival took place.",daxday occured before fepfestival.,fepfestival occured before daxday.,1
208,temporal,then,before,8,,blicketbash,gekxtravaganza,"blicketbash had taken place. Then, gekxtravaganza took place.",blicketbash occured before gekxtravaganza.,gekxtravaganza occured before blicketbash.,1
209,temporal,then,before,9,,daxday,blicketbash,"daxday had taken place. Then, blicketbash took place.",daxday occured before blicketbash.,blicketbash occured before daxday.,1
210,temporal,then,after,10,,wugfest,fepfestival,"wugfest had taken place. Then, fepfestival took place.",wugfest occured after fepfestival.,fepfestival occured after wugfest.,2
211,temporal,thereafter,after,1,,wugfest,gekxtravaganza,"wugfest had taken place. Thereafter, gekxtravaganza took place.",wugfest occured after gekxtravaganza.,gekxtravaganza occured after wugfest.,2
212,temporal,thereafter,before,2,,blicketbash,gekxtravaganza,"blicketbash had taken place. Thereafter, gekxtravaganza took place.",blicketbash occured before gekxtravaganza.,gekxtravaganza occured before blicketbash.,1
213,temporal,thereafter,after,3,,fepfestival,blicketbash,"fepfestival had taken place. Thereafter, blicketbash took place.",fepfestival occured after blicketbash.,blicketbash occured after fepfestival.,2
214,temporal,thereafter,before,4,,wugfest,daxday,"wugfest had taken place. Thereafter, daxday took place.",wugfest occured before daxday.,daxday occured before wugfest.,1
215,temporal,thereafter,after,5,,wugfest,fepfestival,"wugfest had taken place. Thereafter, fepfestival took place.",wugfest occured after fepfestival.,fepfestival occured after wugfest.,2
216,temporal,thereafter,before,6,,wugfest,blicketbash,"wugfest had taken place. Thereafter, blicketbash took place.",wugfest occured before blicketbash.,blicketbash occured before wugfest.,
217,temporal,thereafter,before,7,,daxday,blicketbash,"daxday had taken place. Thereafter, blicketbash took place.",daxday occured before blicketbash.,blicketbash occured before daxday.,1
218,temporal,thereafter,after,8,,daxday,gekxtravaganza,"daxday had taken place. Thereafter, gekxtravaganza took place.",daxday occured after gekxtravaganza.,gekxtravaganza occured after daxday.,2
219,temporal,thereafter,before,9,,fepfestival,gekxtravaganza,"fepfestival had taken place. Thereafter, gekxtravaganza took place.",fepfestival occured before gekxtravaganza.,gekxtravaganza occured before fepfestival.,1
220,temporal,thereafter,before,10,,daxday,fepfestival,"daxday had taken place. Thereafter, fepfestival took place.",daxday occured before fepfestival.,fepfestival occured before daxday.,1
221,temporal,therefore,after,1,,fepfestival,gekxtravaganza,"fepfestival had taken place. Therefore, gekxtravaganza took place.",fepfestival occured after gekxtravaganza.,gekxtravaganza occured after fepfestival.,2
222,temporal,therefore,before,2,,daxday,fepfestival,"daxday had taken place. Therefore, fepfestival took place.",daxday occured before fepfestival.,fepfestival occured before daxday.,1
223,temporal,therefore,after,3,,blicketbash,gekxtravaganza,"blicketbash had taken place. Therefore, gekxtravaganza took place.",blicketbash occured after gekxtravaganza.,gekxtravaganza occured after blicketbash.,2
224,temporal,therefore,before,4,,wugfest,gekxtravaganza,"wugfest had taken place. Therefore, gekxtravaganza took place.",wugfest occured before gekxtravaganza.,gekxtravaganza occured before wugfest.,1
225,temporal,therefore,before,5,,wugfest,fepfestival,"wugfest had taken place. Therefore, fepfestival took place.",wugfest occured before fepfestival.,fepfestival occured before wugfest.,1
226,temporal,therefore,after,6,,daxday,blicketbash,"daxday had taken place. Therefore, blicketbash took place.",daxday occured after blicketbash.,blicketbash occured after daxday.,2
227,temporal,therefore,after,7,,wugfest,blicketbash,"wugfest had taken place. Therefore, blicketbash took place.",wugfest occured after blicketbash.,blicketbash occured after wugfest.,2
228,temporal,therefore,after,8,,daxday,gekxtravaganza,"daxday had taken place. Therefore, gekxtravaganza took place.",daxday occured after gekxtravaganza.,gekxtravaganza occured after daxday.,
229,temporal,therefore,before,9,,wugfest,daxday,"wugfest had taken place. Therefore, daxday took place.",wugfest occured before daxday.,daxday occured before wugfest.,1
230,temporal,therefore,before,10,,fepfestival,blicketbash,"fepfestival had taken place. Therefore, blicketbash took place.",fepfestival occured before blicketbash.,blicketbash occured before fepfestival.,1
1,instantiation,for example,are,1,,wugs,daxes,"I like wugs, for example, daxes are nice.",wugs are instances of daxes.,daxes are instances of wugs.,2
2,instantiation,for example,are,2,,wugs,feps,"I like wugs, for example, feps are nice.",wugs are instances of feps.,feps are instances of wugs.,2
3,instantiation,for example,are,3,,wugs,blickets,"I like wugs, for example, blickets are nice.",wugs are instances of blickets.,blickets are instances of wugs.,2
4,instantiation,for example,are,4,,wugs,geks,"I hate wugs, for example, geks are awful.",wugs are instances of geks.,geks are instances of wugs.,2
5,instantiation,for example,are,5,,daxes,feps,"I like daxes, for example, feps are nice.",daxes are instances of feps.,feps are instances of daxes.,2
6,instantiation,for example,are,6,,daxes,blickets,"I like daxes, for example, blickets are nice.",daxes are instances of blickets.,blickets are instances of daxes.,2
7,instantiation,for example,are,7,,daxes,geks,"I like daxes, for example, geks are nice.",daxes are instances of geks.,geks are instances of daxes.,2
8,instantiation,for example,are,8,,feps,blickets,"I like feps, for example, blickets are nice.",feps are instances of blickets.,blickets are instances of feps.,2
9,instantiation,for example,are,9,,feps,geks,"I hate feps, for example, geks are awful.",feps are instances of geks.,geks are instances of feps.,2
10,instantiation,for example,are,10,,blickets,geks,"I hate blickets, for example, geks are awful.",blickets are instances of geks.,geks are instances of blickets.,2
11,instantiation,for instance,are,1,,wugs,daxes,"I hate wugs, for instance, daxes are awful.",wugs are instances of daxes.,daxes are instances of wugs.,2
12,instantiation,for instance,are,2,,wugs,feps,"I like wugs, for instance, feps are nice.",wugs are instances of feps.,feps are instances of wugs.,2
13,instantiation,for instance,are,3,,wugs,blickets,"I like wugs, for instance, blickets are nice.",wugs are instances of blickets.,blickets are instances of wugs.,2
14,instantiation,for instance,are,4,,wugs,geks,"I hate wugs, for instance, geks are awful.",wugs are instances of geks.,geks are instances of wugs.,2
15,instantiation,for instance,are,5,,daxes,feps,"I hate daxes, for instance, feps are awful.",daxes are instances of feps.,feps are instances of daxes.,2
16,instantiation,for instance,are,6,,daxes,blickets,"I hate daxes, for instance, blickets are awful.",daxes are instances of blickets.,blickets are instances of daxes.,2
17,instantiation,for instance,are,7,,daxes,geks,"I hate daxes, for instance, geks are awful.",daxes are instances of geks.,geks are instances of daxes.,2
18,instantiation,for instance,are,8,,feps,blickets,"I like feps, for instance, blickets are nice.",feps are instances of blickets.,blickets are instances of feps.,2
19,instantiation,for instance,are,9,,feps,geks,"I like feps, for instance, geks are nice.",feps are instances of geks.,geks are instances of feps.,2
20,instantiation,for instance,are,10,,blickets,geks,"I hate blickets, for instance, geks are awful.",blickets are instances of geks.,geks are instances of blickets.,2
21,instantiation,in particular,are,1,,wugs,daxes,"I find wugs, in particular, daxes to be awful.",wugs are instances of daxes.,daxes are instances of wugs.,2
22,instantiation,in particular,are,2,,wugs,feps,"I find wugs, in particular, feps to be awful.",wugs are instances of feps.,feps are instances of wugs.,2
23,instantiation,in particular,are,3,,wugs,blickets,"I find wugs, in particular, blickets to be awful.",wugs are instances of blickets.,blickets are instances of wugs.,2
24,instantiation,in particular,are,4,,wugs,geks,"I find wugs, in particular, geks to be cute.",wugs are instances of geks.,geks are instances of wugs.,2
25,instantiation,in particular,are,5,,daxes,feps,"I find daxes, in particular, feps to be cute.",daxes are instances of feps.,feps are instances of daxes.,2
26,instantiation,in particular,are,6,,daxes,blickets,"I find daxes, in particular, blickets to be cute.",daxes are instances of blickets.,blickets are instances of daxes.,2
27,instantiation,in particular,are,7,,daxes,geks,"I find daxes, in particular, geks to be cute.",daxes are instances of geks.,geks are instances of daxes.,2
28,instantiation,in particular,are,8,,feps,blickets,"I find feps, in particular, blickets to be awful.",feps are instances of blickets.,blickets are instances of feps.,2
29,instantiation,in particular,are,9,,feps,geks,"I find feps, in particular, geks to be awful.",feps are instances of geks.,geks are instances of feps.,2
30,instantiation,in particular,are,10,,blickets,geks,"I find blickets, in particular, geks to be cute.",blickets are instances of geks.,geks are instances of blickets.,2
31,instantiation,such as,are,1,,wugs,daxes,"I find wugs such as daxes, to be awful.",wugs are instances of daxes.,daxes are instances of wugs.,2
32,instantiation,such as,are,2,,wugs,feps,"I find wugs such as feps, to be awful.",wugs are instances of feps.,feps are instances of wugs.,2
33,instantiation,such as,are,3,,wugs,blickets,"I find wugs such as blickets, to be awful.",wugs are instances of blickets.,blickets are instances of wugs.,2
34,instantiation,such as,are,4,,wugs,geks,"I find wugs such as geks, to be cute.",wugs are instances of geks.,geks are instances of wugs.,2
35,instantiation,such as,are,5,,daxes,feps,"I find daxes such as feps, to be awful.",daxes are instances of feps.,feps are instances of daxes.,2
36,instantiation,such as,are,6,,daxes,blickets,"I find daxes such as blickets, to be awful.",daxes are instances of blickets.,blickets are instances of daxes.,2
37,instantiation,such as,are,7,,daxes,geks,"I find daxes such as geks, to be cute.",daxes are instances of geks.,geks are instances of daxes.,2
38,instantiation,such as,are,8,,feps,blickets,"I find feps such as blickets, to be cute.",feps are instances of blickets.,blickets are instances of feps.,2
39,instantiation,such as,are,9,,feps,geks,"I find feps such as geks, to be cute.",feps are instances of geks.,geks are instances of feps.,2
40,instantiation,such as,are,10,,blickets,geks,"I find blickets such as geks, to be cute.",blickets are instances of geks.,geks are instances of blickets.,2
