connective,frequency
specifically,107626479
once,441455091
as if,74199772
but then,29227335
meanwhile,11274330
in the end,25388890
much less,25573591
but also,146646826
until,521197131
with,13857984906
consequently,14560120
as well as,696586323
or,8055265483
later on,18040753
more accurately,3300892
such as,734470446
since,722025789
so long as,8745724
and / or,128292827
finally,166520464
even if,122380261
earlier,161277226
yet,402956275
as well,975303169
now that,31081790
in sum,210275
besides,31306415
albeit,14289642
if only,8121702
indeed,74075753
rather,305677822
otherwise,131513039
that is,653008525
in any case,5174461
so,3193242507
later,362912152
without,844652241
infact,691594
and then,380001529
in short,8525305
as soon as,75997840
for instance,35162037
plus,180472797
instead of,150674864
by comparison,2118048
in contrast,9897665
in other words,7288698
whether,395245821
in that,132481180
regardless of,56167959
then,1600038238
not only because of,885486
on the other hand,28892675
instead,250782775
moreover,8824387
previously,121652111
therefore,158021960
whatever,138182129
only if,17590713
ultimately,61841823
even when,35891568
as long as,67997114
whereas,57730345
hence,42639316
meantime,18077753
though,469065094
as a result,74835970
except,116953061
regardless,64846495
in the meanwhile,385015
whenever,69673245
about,3524319160
on the contrary,2947194
depending upon,6337795
else,443115899
before and after,12444774
even before then,47076
on,12562935937
in addition,92886800
conversely,1752008
afterwards,25057662
given,424316024
insofar as,2089863
in particular,47519329
thus,135923031
unless,119721400
in case,64941777
additionally,72837752
where,1441164836
for example,131867527
like,2873239398
also,3367573182
because,1463872300
next,706523788
even though,81732325
even while,3904630
due to,372306211
as though,20410435
depending on,101351144
when and if,485868
however,360077339
and,49090265077
in order,265802435
in,28869589545
similarly,20262253
afterward,9703473
likewise,56257077
since before,1471083
furthermore,9244460
even before,7995579
when,2720223749
separately,30070450
if,3700655668
before,1196647713
although,181104020
by,6739341699
still,994774381
in the mean time,674525
by then,6316116
accordingly,24520713
subsequently,26767285
despite,113302224
even as,15641765
nor,90079487
by contrast,1724804
thereby,29141885
for,18602892189
so as,32007630
thereafter,10607660
along with,248393474
as,9888037446
even then,5878723
but,4504295159
simultaneously,31968007
at the same time,77692300
while,1116181933
alternatively,6246939
but then again,2275024
even with,20217778
nonetheless,26087726
rather than,158086215
as an alternative,7748017
from,7395699442
as much as,71797028
after,1522189367
sothat,34566
further,341385979
even so,3842027
not only,203754920
till,60309302
lest,4492036
or otherwise,22965706
so much as,4075205
because of,234527200
no matter,68420290
if and when,2118526
upon,264483025
beyond,158246347
nevertheless,28258887
only,2017509628
not so much as,364209
even after,17059839
