,stimuli_id,stimuli_category,human_majority,n_humans,n_yes_inference1,n_yes_inference2
0,173,preference,4,8,4,4
1,182,preference,3,5,3,2
2,4,temporal,5,6,5,1
3,13,temporal,3,6,3,3
4,29,preference,7,8,1,7
5,38,preference,3,8,3,3
6,47,preference,4,7,3,4
7,56,preference,5,9,5,4
8,65,preference,3,6,3,3
9,107,temporal,5,8,2,5
10,116,temporal,3,7,3,3
11,125,temporal,7,12,4,7
12,134,temporal,2,5,2,2
13,150,preference,5,9,5,4
14,159,preference,4,8,4,4
15,168,preference,6,8,2,6
16,177,preference,3,8,3,2
17,186,preference,5,8,2,5
18,15,preference,6,8,2,6
19,24,preference,3,7,3,3
20,33,preference,2,5,2,2
21,42,preference,4,6,4,2
22,51,preference,3,6,3,3
23,93,temporal,5,6,1,5
24,102,temporal,5,6,,5
25,111,temporal,5,6,5,
26,120,temporal,4,6,1,4
27,129,temporal,3,6,3,1
28,145,preference,4,8,3,4
29,154,preference,5,9,5,2
30,163,preference,3,6,2,3
31,172,preference,7,8,7,1
32,214,temporal,3,6,2,3
33,181,preference,4,5,4,1
34,223,temporal,4,6,1,4
35,10,preference,3,7,3,3
36,19,preference,5,6,1,5
37,28,preference,3,5,3,2
38,37,preference,5,8,5,3
39,79,temporal,3,5,3,2
40,46,preference,6,8,2,6
41,88,temporal,5,7,2,5
42,97,temporal,4,6,4,2
43,106,temporal,5,12,5,4
44,115,temporal,3,7,3,3
45,131,preference,6,7,,6
46,140,preference,4,6,4,1
47,149,preference,4,7,3,4
48,158,preference,5,8,5,2
49,200,temporal,4,10,4,4
50,167,preference,4,7,3,4
51,209,temporal,4,6,2,4
52,218,temporal,7,12,7,3
53,227,temporal,4,6,2,4
54,5,preference,5,8,3,5
55,14,preference,5,8,3,5
56,23,preference,7,12,3,7
57,65,temporal,3,6,3,3
58,32,preference,6,12,5,6
59,83,temporal,3,6,3,2
60,101,temporal,4,7,3,4
61,126,preference,3,5,3,2
62,135,preference,4,9,3,4
63,144,preference,5,8,3,5
64,153,preference,4,8,4,3
65,195,temporal,4,6,4,1
66,162,preference,5,7,1,5
67,204,temporal,4,6,2,4
68,37,instantiation,4,7,4,3
69,213,temporal,3,6,3,2
70,222,temporal,4,7,2,4
71,9,preference,6,8,1,6
72,18,preference,6,8,1,6
73,60,temporal,4,6,1,4
74,27,preference,5,9,4,5
75,69,temporal,4,6,2,4
76,78,temporal,4,6,2,4
77,87,temporal,4,7,2,4
78,96,temporal,5,8,3,5
79,112,preference,6,8,2,6
80,121,preference,4,7,4,3
81,130,preference,3,6,2,3
82,139,preference,7,7,7,
83,181,temporal,3,7,3,2
84,148,preference,4,8,4,3
85,190,temporal,5,6,5,
86,23,instantiation,4,7,4,3
87,199,temporal,4,7,3,4
88,32,instantiation,5,8,,3
89,208,temporal,4,7,4,3
90,217,temporal,7,10,3,7
91,4,preference,5,6,5,1
92,46,temporal,4,6,4,2
93,13,preference,4,6,2,4
94,55,temporal,4,8,4,4
95,64,temporal,6,9,3,6
96,73,temporal,3,7,1,3
97,82,temporal,4,6,4,2
98,98,preference,6,6,6,
99,107,preference,3,5,2,3
100,116,preference,4,5,1,4
101,125,preference,5,6,,5
102,134,preference,3,5,2,3
103,185,temporal,3,7,3,3
104,18,instantiation,4,8,1,4
105,194,temporal,3,7,3,3
106,27,instantiation,3,8,3,3
107,203,temporal,3,6,3,3
108,36,instantiation,4,6,4,2
109,212,temporal,4,7,3,4
110,41,temporal,8,10,2,8
111,50,temporal,6,10,4,6
112,59,temporal,6,9,3,6
113,68,temporal,8,9,8,1
114,77,temporal,3,6,2,3
115,93,preference,3,6,3,3
116,102,preference,4,8,4,4
117,111,preference,5,7,5,2
118,120,preference,6,12,6,4
119,162,temporal,3,6,3,3
120,129,preference,7,12,7,3
121,171,temporal,3,5,2,3
122,4,instantiation,4,8,3,1
123,180,temporal,5,7,2,5
124,13,instantiation,7,8,1,7
125,22,instantiation,3,5,2,3
126,198,temporal,4,8,4,2
127,31,instantiation,5,8,2,5
128,40,instantiation,4,9,3,4
129,27,temporal,4,6,1,4
130,36,temporal,6,7,1,6
131,45,temporal,6,10,6,3
132,54,temporal,4,7,3,4
133,63,temporal,5,7,1,5
134,79,preference,4,7,4,3
135,88,preference,6,8,6,
136,97,preference,4,6,4,1
137,106,preference,3,7,3,3
138,115,preference,3,5,2,3
139,157,temporal,3,6,3,1
140,166,temporal,6,6,,6
141,175,temporal,4,6,2,4
142,8,instantiation,4,8,3,1
143,184,temporal,3,6,3,3
144,17,instantiation,4,7,2,4
145,193,temporal,3,5,2,3
146,26,instantiation,7,9,2,7
147,22,temporal,4,8,4,4
148,31,temporal,4,8,2,4
149,40,temporal,3,6,3,3
150,49,temporal,5,7,5,1
151,58,temporal,5,10,5,5
152,74,preference,6,7,1,6
153,83,preference,5,9,5,4
154,92,preference,6,8,6,2
155,101,preference,3,5,3,2
156,143,temporal,5,6,1,5
157,110,preference,5,9,5,4
158,152,temporal,3,7,3,2
159,161,temporal,3,6,3,3
160,170,temporal,5,8,5,3
161,3,instantiation,7,12,5,7
162,179,temporal,4,7,4,2
163,12,instantiation,4,5,4,1
164,21,instantiation,6,8,2,6
165,8,temporal,5,8,5,2
166,17,temporal,3,6,3,2
167,26,temporal,6,8,1,6
168,35,temporal,3,6,3,3
169,44,temporal,4,7,4,2
170,60,preference,5,7,2,5
171,69,preference,3,5,3,1
172,78,preference,7,7,7,
173,87,preference,3,5,3,1
174,96,preference,6,12,4,6
175,138,temporal,3,6,3,2
176,147,temporal,5,7,5,1
177,156,temporal,6,7,6,1
178,165,temporal,4,7,3,4
179,174,temporal,3,7,3,2
180,7,instantiation,3,7,3,3
181,190,preference,5,6,1,5
182,3,temporal,3,6,1,3
183,12,temporal,4,8,3,4
184,21,temporal,6,10,6,4
185,30,temporal,4,6,2,4
186,39,temporal,6,9,3,6
187,55,preference,5,9,3,5
188,64,preference,4,8,4,4
189,73,preference,3,6,3,2
190,82,preference,3,7,3,3
191,124,temporal,4,6,2,4
192,91,preference,4,5,1,4
193,142,temporal,4,7,2,4
194,151,temporal,4,5,1,4
195,160,temporal,3,6,3,3
196,2,instantiation,9,12,9,3
197,176,preference,3,8,3,3
198,185,preference,5,6,5,1
199,7,temporal,7,10,7,3
200,16,temporal,4,7,4,3
201,25,temporal,6,8,2,6
202,41,preference,5,8,1,5
203,50,preference,5,8,2,5
204,59,preference,5,8,1,5
205,68,preference,4,5,4,1
206,110,temporal,4,7,4,1
207,77,preference,7,12,7,5
208,119,temporal,5,6,1,5
209,137,temporal,3,7,3,3
210,146,temporal,4,8,4,2
211,171,preference,8,8,,8
212,180,preference,4,7,2,4
213,189,preference,3,6,3,3
214,2,temporal,4,6,,4
215,11,temporal,3,7,3,3
216,36,preference,6,8,6,1
217,45,preference,3,5,2,3
218,54,preference,3,5,2,3
219,63,preference,3,7,3,3
220,105,temporal,3,7,3,3
221,72,preference,3,5,1,3
222,114,temporal,5,7,2,5
223,123,temporal,3,6,3,2
224,132,temporal,6,10,4,6
225,141,temporal,6,8,2,6
226,157,preference,4,5,1,4
227,166,preference,6,8,6,1
228,175,preference,4,7,3,4
229,184,preference,2,5,2,2
230,226,temporal,4,6,4,
231,6,temporal,5,8,3,5
232,22,preference,3,5,2,3
233,31,preference,6,9,6,3
234,40,preference,5,8,5,3
235,49,preference,4,8,4,4
236,91,temporal,7,12,4,7
237,58,preference,3,5,3,
238,100,temporal,6,10,6,3
239,109,temporal,4,7,4,1
240,118,temporal,5,10,5,3
241,127,temporal,3,6,2,3
242,143,preference,3,6,2,3
243,152,preference,4,8,4,4
244,161,preference,5,8,5,3
245,170,preference,6,12,5,6
246,179,preference,2,5,2,2
247,221,temporal,5,8,5,3
248,230,temporal,6,10,4,6
249,8,preference,9,12,9,3
250,17,preference,4,5,4,1
251,26,preference,7,12,7,4
252,35,preference,6,6,,6
253,44,preference,3,5,2,3
254,86,temporal,5,6,1,5
255,95,temporal,3,7,3,3
256,104,temporal,3,6,1,3
257,113,temporal,4,7,2,4
258,122,temporal,8,10,8,2
259,138,preference,3,6,2,3
260,147,preference,7,12,7,4
261,156,preference,3,7,2,3
262,165,preference,4,6,4,
263,207,temporal,4,6,1,4
264,174,preference,5,8,3,5
265,225,temporal,5,8,5,3
266,3,preference,4,7,4,3
267,12,preference,3,6,2,3
268,21,preference,6,9,3,6
269,30,preference,4,7,2,4
270,72,temporal,4,8,3,4
271,39,preference,3,6,2,3
272,81,temporal,5,6,1,5
273,90,temporal,4,7,3,4
274,99,temporal,3,5,2,3
275,108,temporal,6,8,2,6
276,124,preference,3,6,3,3
277,133,preference,6,12,6,5
278,142,preference,2,5,2,2
279,151,preference,5,9,3,5
280,160,preference,3,7,3,3
281,202,temporal,4,6,4,2
282,35,instantiation,10,12,10,2
283,211,temporal,4,8,4,3
284,220,temporal,2,6,2,2
285,229,temporal,4,6,4,2
286,7,preference,5,8,2,5
287,16,preference,5,5,,5
288,25,preference,3,6,3,3
289,67,temporal,3,6,3,2
290,76,temporal,3,5,3,2
291,85,temporal,4,7,2,4
292,94,temporal,4,7,1,4
293,103,temporal,4,8,2,4
294,119,preference,5,6,1,5
295,128,preference,6,8,6,2
296,137,preference,9,12,3,9
297,146,preference,3,6,2,3
298,188,temporal,6,10,4,6
299,155,preference,2,5,2,2
300,197,temporal,5,10,5,4
301,30,instantiation,6,8,6,
302,206,temporal,4,7,4,3
303,39,instantiation,5,8,2,5
304,215,temporal,4,6,2,4
305,224,temporal,6,10,2,6
306,2,preference,6,8,2,6
307,11,preference,5,8,5,1
308,53,temporal,6,10,6,4
309,20,preference,4,6,2,4
310,62,temporal,5,5,,5
311,71,temporal,3,5,2,3
312,80,temporal,3,6,2,3
313,89,temporal,4,8,3,4
314,105,preference,4,8,4,4
315,114,preference,4,7,3,4
316,123,preference,5,5,5,
317,132,preference,4,6,1,4
318,141,preference,4,8,3,4
319,183,temporal,5,6,1,5
320,16,instantiation,4,7,4,3
321,192,temporal,5,6,,5
322,25,instantiation,5,9,4,5
323,201,temporal,6,10,6,4
324,34,instantiation,5,9,5,4
325,210,temporal,2,6,2,2
326,219,temporal,4,6,4,1
327,6,preference,8,12,3,8
328,48,temporal,3,6,3,2
329,57,temporal,5,6,5,
330,66,temporal,4,7,2,4
331,75,temporal,6,10,6,3
332,84,temporal,4,6,4,2
333,100,preference,4,8,4,3
334,109,preference,3,5,3,2
335,118,preference,6,8,2,6
336,127,preference,6,8,2,6
337,169,temporal,5,6,1,5
338,136,preference,4,6,4,2
339,178,temporal,6,10,6,3
340,11,instantiation,3,5,3,1
341,187,temporal,4,7,3,4
342,20,instantiation,4,8,4,3
343,196,temporal,7,12,7,3
344,29,instantiation,6,7,1,6
345,205,temporal,3,6,3,2
346,38,instantiation,9,12,,9
347,34,temporal,4,7,2,4
348,1,preference,6,12,5,6
349,43,temporal,5,8,5,2
350,52,temporal,7,8,1,7
351,61,temporal,5,7,2,5
352,70,temporal,5,8,5,1
353,86,preference,4,7,3,4
354,95,preference,5,7,2,5
355,104,preference,6,9,6,3
356,113,preference,6,8,2,6
357,155,temporal,3,7,3,3
358,122,preference,5,8,3,5
359,164,temporal,3,7,3,3
360,173,temporal,3,6,1,3
361,6,instantiation,4,8,3,4
362,182,temporal,4,6,1,4
363,15,instantiation,4,6,2,4
364,191,temporal,5,7,5,2
365,24,instantiation,5,6,5,1
366,33,instantiation,6,8,2,6
367,20,temporal,5,6,1,5
368,29,temporal,3,7,2,2
369,38,temporal,3,6,3,2
370,47,temporal,5,7,2,5
371,56,temporal,4,7,4,2
372,81,preference,3,6,3,2
373,90,preference,5,8,3,5
374,99,preference,4,7,1,4
375,108,preference,4,8,2,4
376,150,temporal,4,6,4,2
377,117,preference,4,6,4,2
378,159,temporal,4,7,4,2
379,168,temporal,8,10,8,2
380,1,instantiation,3,5,3,2
381,177,temporal,6,10,3,6
382,10,instantiation,3,7,2,3
383,186,temporal,3,6,3,1
384,19,instantiation,3,6,3,3
385,28,instantiation,6,8,1,6
386,15,temporal,3,6,2,3
387,24,temporal,3,6,1,3
388,33,temporal,5,8,3,5
389,42,temporal,4,6,2,4
390,51,temporal,5,7,2,5
391,67,preference,5,7,2,5
392,76,preference,4,6,4,2
393,85,preference,4,6,,4
394,94,preference,4,8,3,4
395,136,temporal,6,10,6,3
396,103,preference,4,7,3,4
397,145,temporal,3,6,3,3
398,154,temporal,6,8,6,2
399,172,temporal,3,6,2,3
400,5,instantiation,3,8,2,3
401,14,instantiation,4,8,4,1
402,188,preference,3,5,3,1
403,1,temporal,4,7,4,2
404,10,temporal,8,9,8,1
405,19,temporal,4,8,3,4
406,28,temporal,5,6,5,1
407,37,temporal,3,6,2,3
408,53,preference,6,12,6,5
409,62,preference,6,8,2,6
410,71,preference,3,5,3,2
411,80,preference,7,12,3,7
412,89,preference,6,9,3,6
413,131,temporal,5,6,1,5
414,140,temporal,4,6,4,
415,149,temporal,7,8,7,1
416,158,temporal,6,7,6,
417,167,temporal,4,7,3,4
418,9,instantiation,5,9,3,5
419,183,preference,4,7,4,3
420,5,temporal,5,6,5,1
421,14,temporal,4,6,2,4
422,23,temporal,3,7,3,3
423,32,temporal,4,7,3,4
424,48,preference,3,5,1,3
425,57,preference,3,6,3,2
426,66,preference,5,8,3,5
427,75,preference,4,5,1,4
428,117,temporal,5,8,3,5
429,84,preference,3,5,2,3
430,126,temporal,5,7,5,2
431,135,temporal,6,10,3,6
432,144,temporal,5,10,5,5
433,153,temporal,4,7,3,4
434,169,preference,3,5,2,3
435,178,preference,6,9,6,3
436,187,preference,5,9,4,5
437,9,temporal,4,5,1,4
438,18,temporal,4,6,2,4
439,34,preference,3,5,2,3
440,43,preference,8,8,8,
441,52,preference,6,7,1,6
442,61,preference,4,6,2,4
443,70,preference,5,7,5,2
444,112,temporal,5,6,5,1
445,121,temporal,5,7,1,5
446,130,temporal,4,6,4,2
447,139,temporal,4,8,4,4
448,148,temporal,5,7,2,5
449,164,preference,4,7,4,2
