connective,stimuli_type,template
although,preference,"Although I prefer [e1] to [e2], I hate P."
although,preference,"I prefer [e1] to [e2], although I hate P."
although,preference,"Although I hate P, I prefer [e1] to [e2]."
as,preference,"I prefer [e1] to [e2], as I hate P."
as,preference,"I prefer [e1] to [e2], as I love P."
as a result,temporal,[e2] was able to take place as a result of [e1].
as a result,temporal,"[e1] took place. As a result, [e2] was able to take place."
as a result,preference,"I hate P. As a result, I prefer [e1] to [e2]."
as a result,preference,"I love P. As a result, I prefer [e1] to [e2]."
as much as,preference,"As much as I hate P, I prefer [e1] to [e2]."
because,preference,I prefer [e1] to [e2] because I hate P.
because,temporal,[e1] was able to take place because [e2] took place.
because,preference,"Because I hate P, I prefer [e1] to [e2]."
because,temporal,"Because [e2] took place, [e1] was able to take place."
because,preference,I prefer [e1] to [e2] because I love P.
because,preference,"Because I love P, I prefer [e1] to [e2]."
but,preference,"I hate P. But, I prefer [e1] to [e2]."
but,preference,"I prefer [e1] to [e2]. But, I hate P."
even though,preference,"I hate P, even though I prefer [e1] to [e2]."
even though,temporal,[e1] took place even though [e2] had taken place.
even though,preference,"Even though I prefer [e1] to [e2], I hate P."
even though,preference,"I prefer [e1] to [e2], even though I hate P."
even though,preference,"Even though I hate P, I prefer [e1] to [e2]."
even though,temporal,"Even though [e2] had taken place, [e1] took place."
for,preference,"I prefer [e1] to [e2], for I hate P."
for,preference,"I prefer [e1] to [e2], for I love P."
for example,instantiation,"I hate [e1]. For example, [e2] are awful."
for example,preference,"I love P. For example, I prefer [e1] to [e2]."
for example,instantiation,"I like [e1]. For example, [e2] are nice."
for example,preference,"I hate P. For example, I prefer [e1] to [e2]."
for instance,preference,"I love P. For instance, I prefer [e1] to [e2]."
for instance,instantiation,"I hate [e1]. For instance, [e2] are awful."
for instance,instantiation,"I like [e1]. For instance, [e2] are nice."
for instance,preference,"I hate P. For instance, I prefer [e1] to [e2]."
however,preference,"I hate P. However, I prefer [e1] to [e2]."
however,preference,"I prefer [e1] to [e2]. However, I hate P."
nevertheless,preference,"I prefer [e1] to [e2], nevertheless, I hate P."
nevertheless,preference,"I hate P, nevertheless, I prefer [e1] to [e2]."
since,preference,"I prefer [e1] to [e2], since I love P."
since,temporal,"Since [e2] had taken place, [e1] took place."
since,preference,"Since I hate P, I prefer [e1] to [e2]."
since,preference,"Since I love P, I prefer [e1] to [e2]."
since,preference,"I prefer [e1] to [e2], since I hate P."
since,temporal,[e1] took place since [e2] had taken place.
so,temporal,"[e1] had taken place. So, [e2] took place."
so,preference,"I love P. So, I prefer [e1] to [e2]."
so,preference,"I hate P. So, I prefer [e1] to [e2]."
therefore,preference,"I hate P. Therefore, I prefer [e1] to [e2]."
therefore,preference,"I love P. Therefore, I prefer [e1] to [e2]."
therefore,temporal,"[e1] had taken place. Therefore, [e2] took place."
though,preference,"I hate P, though I prefer [e1] to [e2]."
though,preference,"Though I hate P, I prefer [e1] to [e2]."
though,preference,"I prefer [e1] to [e2], though I hate P."
though,preference,"Though I prefer [e1] to [e2], I hate P."
thus,preference,"I hate P. Thus, I prefer [e1] to [e2]."
thus,preference,"I love P. Thus, I prefer [e1] to [e2]."
while,preference,"While I prefer [e1] to [e2], I hate P."
while,preference,"While I hate P, I prefer [e1] to [e2]."
yet,preference,"I hate P, yet I prefer [e1] to [e2]."
despite that,preference,"I hate P. Despite that, I prefer [e1] to [e2]."
in particular,instantiation,"I find [e1], in particular, [e2] to be cute."
in particular,instantiation,"I find [e1], in particular, [e2] to be awful."
specifically,instantiation,"I find [e1], specifically, [e2] to be awful."
specifically,instantiation,"I find [e1], specifically, [e2] to be cute."
such as,instantiation,"I find [e1] such as [e2], to be cute."
such as,instantiation,"I find [e1] such as [e2], to be awful."
after,temporal,"After [e2] had taken place, [e1] took place."
after,temporal,[e1] took place after [e2] had taken place.
afterwards,temporal,"[e1] had taken place. Afterwards, [e2] took place."
as soon as,temporal,[e1] took place as soon as [e2] had taken place.
as soon as,temporal,"As soon as [e2] had taken place, [e1] took place."
before,temporal,"Before [e2] took place, [e1] had taken place."
before,temporal,[e1] took place before [e2].
consequently,temporal,"[e1] took place. Consequently, [e2] was able to take place."
earlier,temporal,"[e1] took place. Earlier, [e2] had taken place."
even after,temporal,[e1] was able to take place even after [e2] had taken place.
even after,temporal,"Even after [e2] had taken place, [e1] was able to take place."
eventually,temporal,"[e2] had taken place. Eventually, [e1] took place."
even before,temporal,"Even before [e1] took place, [e2] had taken place."
even before,temporal,[e2] had taken place even before [e1] took place.
finally,temporal,"[e1] had taken place. Finally, [e2] took place."
hence,temporal,"[e1] had taken place. Hence, [e2] took place."
later,temporal,"[e1] had taken place. Later, [e2] took place."
next,temporal,"[e1] had taken place. Next, [e2] took place."
once,temporal,"Once [e2] had taken place, [e1] took place."
once,temporal,[e1] took place once [e2] had taken place.
previously,temporal,"[e1] took place. Previously, [e2] had taken place."
subsequently,temporal,"[e1] had taken place. Subsequently, [e2] took place."
then,temporal,"[e1] had taken place. Then, [e2] took place."
thereafter,temporal,"[e2] had taken place. Thereafter, [e1] took place."
