idx,prob,label
0,0.2693691849708557,No
1,0.16979199647903442,No
2,0.25828415155410767,No
3,0.17479519546031952,No
4,0.614139199256897,Yes
5,0.30314579606056213,No
6,0.25560659170150757,No
7,0.14982889592647552,No
8,0.3625187873840332,No
9,0.24442192912101746,No
10,0.1605989933013916,No
11,0.11981519311666489,No
12,0.24179890751838684,No
13,0.1592787206172943,No
14,0.2782421112060547,No
15,0.1524059772491455,No
16,0.6320661306381226,Yes
17,0.3702305853366852,No
18,0.21204620599746704,No
19,0.17216111719608307,No
20,0.30608806014060974,No
21,0.2316523790359497,No
22,0.16002748906612396,No
23,0.14148934185504913,No
24,0.5349528789520264,Yes
25,0.26680028438568115,No
26,0.2590307593345642,No
27,0.14744281768798828,No
28,0.5514746308326721,Yes
29,0.27812743186950684,No
30,0.24133573472499847,No
31,0.13587673008441925,No
32,0.7104460000991821,Yes
33,0.4398205578327179,No
34,0.27686774730682373,No
35,0.22666549682617188,No
36,0.7146964073181152,Yes
37,0.4239475131034851,No
38,0.27497440576553345,No
39,0.21873129904270172,No
40,0.5152126550674438,Yes
41,0.2499949336051941,No
42,0.19266942143440247,No
43,0.14404352009296417,No
44,0.25916531682014465,No
45,0.19503536820411682,No
46,0.1948244720697403,No
47,0.13776642084121704,No
48,0.38663628697395325,No
49,0.25387927889823914,No
50,0.22834420204162598,No
51,0.1336623579263687,No
52,0.5156214237213135,Yes
53,0.319795161485672,No
54,0.21237581968307495,No
55,0.18446645140647888,No
56,0.3838767111301422,No
57,0.22116996347904205,No
58,0.15131846070289612,No
59,0.11851075291633606,No
60,0.5381591320037842,Yes
61,0.23503980040550232,No
62,0.25034889578819275,No
63,0.18333402276039124,No
64,0.46741533279418945,No
65,0.29158326983451843,No
66,0.19518645107746124,No
67,0.135533407330513,No
68,0.4542510509490967,No
69,0.3096787929534912,No
70,0.16045819222927094,No
71,0.1200655847787857,No
72,0.2550356090068817,No
73,0.18974611163139343,No
74,0.22830522060394287,No
75,0.16742557287216187,No
76,0.40209171175956726,No
77,0.2597423493862152,No
78,0.25702571868896484,No
79,0.19511355459690094,No
80,0.1873784065246582,No
81,0.13737624883651733,No
82,0.19672906398773193,No
83,0.11624886840581894,No
84,0.42198920249938965,No
85,0.1820492446422577,No
86,0.17444851994514465,No
87,0.09828387945890427,No
88,0.27576330304145813,No
89,0.15036195516586304,No
90,0.10784991085529327,No
91,0.08684536069631577,No
92,0.1821204125881195,No
93,0.11693921685218811,No
94,0.17600786685943604,No
95,0.10281827300786972,No
96,0.4937985837459564,No
97,0.24228602647781372,No
98,0.16016636788845062,No
99,0.12040261179208755,No
100,0.23831471800804138,No
101,0.18398119509220123,No
102,0.11654874682426453,No
103,0.10117970407009125,No
104,0.3616897463798523,No
105,0.16808342933654785,No
106,0.17979682981967926,No
107,0.09744662046432495,No
108,0.4944891929626465,No
109,0.17051684856414795,No
110,0.17099826037883759,No
111,0.11330229789018631,No
112,0.7173139452934265,Yes
113,0.3710734248161316,No
114,0.18917492032051086,No
115,0.11940452456474304,No
116,0.6689526438713074,Yes
117,0.33939576148986816,No
118,0.19265218079090118,No
119,0.16013765335083008,No
120,0.38164418935775757,No
121,0.20052863657474518,No
122,0.10853876173496246,No
123,0.09164363890886307,No
124,0.17875094711780548,No
125,0.12568768858909607,No
126,0.13326306641101837,No
127,0.08688315749168396,No
128,0.3492341637611389,No
129,0.18646006286144257,No
130,0.1623307168483734,No
131,0.11498936265707016,No
132,0.4349342882633209,No
133,0.25338247418403625,No
134,0.1367489993572235,No
135,0.09851857274770737,No
136,0.31684061884880066,No
137,0.1816634237766266,No
138,0.10869041085243225,No
139,0.0885554850101471,No
140,0.43692323565483093,No
141,0.2166065126657486,No
142,0.20906037092208862,No
143,0.14290228486061096,No
144,0.34559497237205505,No
145,0.1957511603832245,No
146,0.12241818755865097,No
147,0.08821051567792892,No
148,0.37879201769828796,No
149,0.19952018558979034,No
150,0.12886793911457062,No
151,0.1048193871974945,No
152,0.2001759558916092,No
153,0.14244931936264038,No
154,0.138304203748703,No
155,0.1013936921954155,No
156,0.3088742196559906,No
157,0.17076024413108826,No
158,0.1704249083995819,No
159,0.12759576737880707,No
160,0.16617420315742493,No
161,0.11907288432121277,No
162,0.15975649654865265,No
163,0.10775692015886307,No
164,0.29119327664375305,No
165,0.13351024687290192,No
166,0.12171602249145508,No
167,0.08697276562452316,No
168,0.16909338533878326,No
169,0.13905495405197144,No
170,0.07721574604511261,No
171,0.07263270765542984,No
172,0.15423448383808136,No
173,0.09148113429546356,No
174,0.1505449116230011,No
175,0.09086200594902039,No
176,0.26152363419532776,No
177,0.17538799345493317,No
178,0.10323459655046463,No
179,0.0916212871670723,No
180,0.1820594221353531,No
181,0.15208518505096436,No
182,0.09202159941196442,No
183,0.07557810097932816,No
184,0.2313370406627655,No
185,0.09501257538795471,No
186,0.10640732198953629,No
187,0.07044921070337296,No
188,0.29283466935157776,No
189,0.15916016697883606,No
190,0.11572752892971039,No
191,0.0864388644695282,No
192,0.39074891805648804,No
193,0.21523195505142212,No
194,0.1414729356765747,No
195,0.09295374900102615,No
196,0.3848431706428528,No
197,0.234115332365036,No
198,0.139062762260437,No
199,0.09874744713306427,No
200,0.25735750794410706,No
201,0.16803134977817535,No
202,0.1033877432346344,No
203,0.08550537377595901,No
204,0.13073031604290009,No
205,0.10758265107870102,No
206,0.0878400132060051,No
207,0.08588460832834244,No
208,0.2395254224538803,No
209,0.16310471296310425,No
210,0.11720537394285202,No
211,0.0895581766963005,No
212,0.24173620343208313,No
213,0.15766426920890808,No
214,0.11055345088243484,No
215,0.08029456436634064,No
216,0.19606807827949524,No
217,0.13950809836387634,No
218,0.08559238910675049,No
219,0.06957696378231049,No
220,0.26222333312034607,No
221,0.15394559502601624,No
222,0.13699831068515778,No
223,0.09477855265140533,No
224,0.22200579941272736,No
225,0.13083595037460327,No
226,0.08549688756465912,No
227,0.07464849948883057,No
228,0.23306532204151154,No
229,0.1905936300754547,No
230,0.08058756589889526,No
231,0.08173444867134094,No
232,0.14149299263954163,No
233,0.09287025034427643,No
234,0.107197605073452,No
235,0.06959247589111328,No
236,0.1899501085281372,No
237,0.13762420415878296,No
238,0.12627649307250977,No
239,0.09155160188674927,No
240,0.211183562874794,No
241,0.12018892914056778,No
242,0.18210479617118835,No
243,0.12161711603403091,No
244,0.4293135106563568,No
245,0.1749415099620819,No
246,0.17203743755817413,No
247,0.10990562289953232,No
248,0.3007134795188904,No
249,0.15409988164901733,No
250,0.13809406757354736,No
251,0.08379077166318893,No
252,0.1777380257844925,No
253,0.12121465802192688,No
254,0.18151980638504028,No
255,0.12255799025297165,No
256,0.4586552381515503,No
257,0.2261843979358673,No
258,0.1591976284980774,No
259,0.11385740339756012,No
260,0.19418306648731232,No
261,0.14131082594394684,No
262,0.0973774641752243,No
263,0.09208634495735168,No
264,0.3480655550956726,No
265,0.19371508061885834,No
266,0.12867450714111328,No
267,0.11929212510585785,No
268,0.44771119952201843,No
269,0.18793097138404846,No
270,0.2146133929491043,No
271,0.10407599061727524,No
272,0.6118566989898682,Yes
273,0.30726757645606995,No
274,0.17165258526802063,No
275,0.12594819068908691,No
276,0.6313020586967468,Yes
277,0.2928067743778229,No
278,0.16415582597255707,No
279,0.12707476317882538,No
280,0.37313899397850037,No
281,0.18607471883296967,No
282,0.10920003056526184,No
283,0.09884686768054962,No
284,0.1492156982421875,No
285,0.11958830803632736,No
286,0.12084644287824631,No
287,0.09304005652666092,No
288,0.3506096303462982,No
289,0.18065668642520905,No
290,0.20659378170967102,No
291,0.10574731975793839,No
292,0.38343098759651184,No
293,0.21080535650253296,No
294,0.13462074100971222,No
295,0.10417908430099487,No
296,0.2753092348575592,No
297,0.1695856899023056,No
298,0.10293193906545639,No
299,0.08898557722568512,No
300,0.46997690200805664,No
301,0.18737193942070007,No
302,0.17223459482192993,No
303,0.14398348331451416,No
304,0.3032277226448059,No
305,0.17035908997058868,No
306,0.10663556307554245,No
307,0.08924146741628647,No
308,0.36892199516296387,No
309,0.20274174213409424,No
310,0.1455257087945938,No
311,0.09227953106164932,No
312,0.16546142101287842,No
313,0.13657847046852112,No
314,0.14229916036128998,No
315,0.12527459859848022,No
316,0.2572476863861084,No
317,0.150911346077919,No
318,0.15153837203979492,No
319,0.1185951977968216,No
320,0.16806484758853912,No
321,0.12972359359264374,No
322,0.18586909770965576,No
323,0.1130964532494545,No
324,0.2964712381362915,No
325,0.18333370983600616,No
326,0.1269194334745407,No
327,0.10816268622875214,No
328,0.18858778476715088,No
329,0.1549190878868103,No
330,0.0904611125588417,No
331,0.09030906111001968,No
332,0.16684910655021667,No
333,0.10158912092447281,No
334,0.16479165852069855,No
335,0.11306352913379669,No
336,0.32844656705856323,No
337,0.21347381174564362,No
338,0.12196551263332367,No
339,0.10105643421411514,No
340,0.17084017395973206,No
341,0.16429707407951355,No
342,0.09926936775445938,No
343,0.09532002359628677,No
344,0.2437581717967987,No
345,0.150082528591156,No
346,0.12504468858242035,No
347,0.09522277861833572,No
348,0.30681779980659485,No
349,0.16579735279083252,No
350,0.11125725507736206,No
351,0.09786292165517807,No
352,0.48322317004203796,No
353,0.20323602855205536,No
354,0.1485426276922226,No
355,0.11282265931367874,No
356,0.39750537276268005,No
357,0.23008929193019867,No
358,0.13695009052753448,No
359,0.10301715135574341,No
360,0.2395964413881302,No
361,0.1489822417497635,No
362,0.106004998087883,No
363,0.09385081380605698,No
364,0.14757180213928223,No
365,0.13515087962150574,No
366,0.107086181640625,No
367,0.10707207769155502,No
368,0.24339836835861206,No
369,0.17343612015247345,No
370,0.11039373278617859,No
371,0.09944850951433182,No
372,0.30918198823928833,No
373,0.1905117779970169,No
374,0.12830433249473572,No
375,0.11310708522796631,No
376,0.19522614777088165,No
377,0.15148884057998657,No
378,0.08978155255317688,No
379,0.07460976392030716,No
380,0.2576785683631897,No
381,0.1591847687959671,No
382,0.15068142116069794,No
383,0.1035412847995758,No
384,0.22830460965633392,No
385,0.1747068613767624,No
386,0.0943276509642601,No
387,0.09449555724859238,No
388,0.25486239790916443,No
389,0.19194217026233673,No
390,0.09433316439390182,No
391,0.10091464966535568,No
392,0.16447600722312927,No
393,0.10993912070989609,No
394,0.12366259843111038,No
395,0.10084442794322968,No
396,0.20565277338027954,No
397,0.1547745317220688,No
398,0.14119736850261688,No
399,0.10214964300394058,No
400,0.24612143635749817,No
401,0.18192453682422638,No
402,0.24708981812000275,No
403,0.16291525959968567,No
404,0.4070383906364441,No
405,0.23626203835010529,No
406,0.21710552275180817,No
407,0.12161041796207428,No
408,0.2609870731830597,No
409,0.22182026505470276,No
410,0.12469720840454102,No
411,0.11953653395175934,No
412,0.2121833711862564,No
413,0.1510719358921051,No
414,0.21750830113887787,No
415,0.1437850445508957,No
416,0.4264802932739258,No
417,0.2211325615644455,No
418,0.16064558923244476,No
419,0.1475735604763031,No
420,0.2509603500366211,No
421,0.21550942957401276,No
422,0.11759355664253235,No
423,0.09795982390642166,No
424,0.3469999134540558,No
425,0.18414336442947388,No
426,0.19365017116069794,No
427,0.10149174183607101,No
428,0.4370322525501251,No
429,0.2310226857662201,No
430,0.19669005274772644,No
431,0.1561969518661499,No
432,0.5423514246940613,Yes
433,0.3321216404438019,No
434,0.17301319539546967,No
435,0.1669355034828186,No
436,0.5403191447257996,Yes
437,0.28513795137405396,No
438,0.194503054022789,No
439,0.1418657749891281,No
440,0.30378779768943787,No
441,0.2341068983078003,No
442,0.14355988800525665,No
443,0.11699805408716202,No
444,0.1781587302684784,No
445,0.16253474354743958,No
446,0.14460112154483795,No
447,0.10907536745071411,No
448,0.3538016080856323,No
449,0.2443549782037735,No
450,0.19122862815856934,No
451,0.16006797552108765,No
452,0.375684529542923,No
453,0.24748417735099792,No
454,0.1465270221233368,No
455,0.14586499333381653,No
456,0.31989699602127075,No
457,0.1684202402830124,No
458,0.13019385933876038,No
459,0.10222181677818298,No
460,0.37106505036354065,No
461,0.24152687191963196,No
462,0.21064139902591705,No
463,0.13697263598442078,No
464,0.31890881061553955,No
465,0.21563172340393066,No
466,0.15151621401309967,No
467,0.10488347709178925,No
468,0.36517783999443054,No
469,0.2734663188457489,No
470,0.13563260436058044,No
471,0.11596957594156265,No
472,0.21159450709819794,No
473,0.13642172515392303,No
474,0.14404736459255219,No
475,0.11573901772499084,No
476,0.299970418214798,No
477,0.17818979918956757,No
478,0.1907063126564026,No
479,0.13277508318424225,No
480,0.3835207223892212,No
481,0.24312634766101837,No
482,0.316480427980423,No
483,0.20448842644691467,No
484,0.6384665369987488,Yes
485,0.37932494282722473,No
486,0.23163507878780365,No
487,0.16297273337841034,No
488,0.4695693552494049,No
489,0.3030671775341034,No
490,0.2145681530237198,No
491,0.16587519645690918,No
492,0.3019814193248749,No
493,0.22339145839214325,No
494,0.28859108686447144,No
495,0.22278361022472382,No
496,0.6271767616271973,Yes
497,0.3564484417438507,No
498,0.2650745213031769,No
499,0.21938015520572662,No
500,0.4210145175457001,No
501,0.3550489544868469,No
502,0.16803397238254547,No
503,0.15487104654312134,No
504,0.5706722140312195,Yes
505,0.31142351031303406,No
506,0.2637489438056946,No
507,0.1629144847393036,No
508,0.592411458492279,Yes
509,0.3229878544807434,No
510,0.2830621600151062,No
511,0.19023145735263824,No
512,0.6618396639823914,Yes
513,0.49093154072761536,No
514,0.30356207489967346,No
515,0.20048151910305023,No
516,0.6714866757392883,Yes
517,0.38656407594680786,No
518,0.2855387330055237,No
519,0.2349081039428711,No
520,0.4497672915458679,No
521,0.2781907618045807,No
522,0.19672583043575287,No
523,0.16511529684066772,No
524,0.32302388548851013,No
525,0.29539668560028076,No
526,0.19190329313278198,No
527,0.1603153645992279,No
528,0.5222118496894836,Yes
529,0.35836756229400635,No
530,0.2585245370864868,No
531,0.18364769220352173,No
532,0.5757039785385132,Yes
533,0.4465215504169464,No
534,0.2835286557674408,No
535,0.21060535311698914,No
536,0.393844336271286,No
537,0.24669058620929718,No
538,0.16845615208148956,No
539,0.15282708406448364,No
540,0.5757744312286377,Yes
541,0.322271466255188,No
542,0.2823532223701477,No
543,0.18724393844604492,No
544,0.5189594030380249,Yes
545,0.3726133406162262,No
546,0.18713971972465515,No
547,0.16028834879398346,No
548,0.5185467004776001,Yes
549,0.37205633521080017,No
550,0.22029641270637512,No
551,0.18100018799304962,No
552,0.3193301558494568,No
553,0.21761292219161987,No
554,0.25612542033195496,No
555,0.15940198302268982,No
556,0.3942027688026428,No
557,0.24987873435020447,No
558,0.2740100920200348,No
559,0.20250016450881958,No
560,0.37675535678863525,No
561,0.19342339038848877,No
562,0.3578432500362396,No
563,0.20991522073745728,No
564,0.6992219686508179,Yes
565,0.40887758135795593,No
566,0.3495343327522278,No
567,0.29783180356025696,No
568,0.5160916447639465,Yes
569,0.3305533230304718,No
570,0.30031946301460266,No
571,0.19296501576900482,No
572,0.32154321670532227,No
573,0.22231924533843994,No
574,0.3524312674999237,No
575,0.21669501066207886,No
576,0.7470635175704956,Yes
577,0.5066981911659241,Yes
578,0.3691893219947815,No
579,0.27217310667037964,No
580,0.4452705383300781,No
581,0.330803781747818,No
582,0.22927477955818176,No
583,0.23560762405395508,No
584,0.651674211025238,Yes
585,0.3999674916267395,No
586,0.29532521963119507,No
587,0.2862340211868286,No
588,0.7181724905967712,Yes
589,0.3647621273994446,No
590,0.4250505268573761,No
591,0.25020360946655273,No
592,0.7125061750411987,Yes
593,0.5223689675331116,Yes
594,0.3224920332431793,No
595,0.21770456433296204,No
596,0.734119176864624,Yes
597,0.4411211311817169,No
598,0.27146172523498535,No
599,0.18095384538173676,No
600,0.5689875483512878,Yes
601,0.3815307915210724,No
602,0.20004233717918396,No
603,0.18392512202262878,No
604,0.3429533541202545,No
605,0.2581101357936859,No
606,0.2605248987674713,No
607,0.2256123423576355,No
608,0.5245324373245239,Yes
609,0.34210386872291565,No
610,0.4138045907020569,No
611,0.24679376184940338,No
612,0.5622298121452332,Yes
613,0.4205547869205475,No
614,0.2874663770198822,No
615,0.21448081731796265,No
616,0.445173978805542,No
617,0.32726481556892395,No
618,0.16170209646224976,No
619,0.14428062736988068,No
620,0.7042919397354126,Yes
621,0.3783787786960602,No
622,0.3816627860069275,No
623,0.30204713344573975,No
624,0.5151684284210205,Yes
625,0.34170374274253845,No
626,0.20889419317245483,No
627,0.22784201800823212,No
628,0.6550506949424744,Yes
629,0.39080724120140076,No
630,0.3080344796180725,No
631,0.23475037515163422,No
632,0.3401016891002655,No
633,0.25045937299728394,No
634,0.31681886315345764,No
635,0.21357548236846924,No
636,0.49677714705467224,No
637,0.29865479469299316,No
638,0.2797132134437561,No
639,0.19304946064949036,No
640,0.3708344101905823,No
641,0.21522292494773865,No
642,0.3830280900001526,No
643,0.21692663431167603,No
644,0.7118997573852539,Yes
645,0.41005560755729675,No
646,0.2821066975593567,No
647,0.21845972537994385,No
648,0.5242648720741272,Yes
649,0.3107732832431793,No
650,0.24543021619319916,No
651,0.17405855655670166,No
652,0.3118217885494232,No
653,0.21048913896083832,No
654,0.3698442876338959,No
655,0.23483051359653473,No
656,0.6325438618659973,Yes
657,0.4025256633758545,No
658,0.3006601631641388,No
659,0.21617966890335083,No
660,0.41412755846977234,No
661,0.2945069372653961,No
662,0.17294640839099884,No
663,0.15045760571956635,No
664,0.5785883069038391,Yes
665,0.36166080832481384,No
666,0.20190104842185974,No
667,0.1887637823820114,No
668,0.6396222710609436,Yes
669,0.3939744234085083,No
670,0.34900251030921936,No
671,0.21801617741584778,No
672,0.7500314712524414,Yes
673,0.4639158844947815,No
674,0.31877651810646057,No
675,0.23563815653324127,No
676,0.738266110420227,Yes
677,0.4328911304473877,No
678,0.28798818588256836,No
679,0.20759867131710052,No
680,0.5693750381469727,Yes
681,0.35241568088531494,No
682,0.22463110089302063,No
683,0.17764224112033844,No
684,0.3033871352672577,No
685,0.2353648990392685,No
686,0.2138127088546753,No
687,0.15785975754261017,No
688,0.5624725222587585,Yes
689,0.3512859642505646,No
690,0.34220123291015625,No
691,0.21930226683616638,No
692,0.5904529094696045,Yes
693,0.3568522036075592,No
694,0.2680867910385132,No
695,0.20874613523483276,No
696,0.4468044936656952,No
697,0.29931360483169556,No
698,0.18206572532653809,No
699,0.15653356909751892,No
700,0.6437374949455261,Yes
701,0.3679622411727905,No
702,0.3003891408443451,No
703,0.2249239683151245,No
704,0.5686256289482117,Yes
705,0.36228126287460327,No
706,0.19873666763305664,No
707,0.1778450757265091,No
708,0.5440309047698975,Yes
709,0.3785442113876343,No
710,0.22492341697216034,No
711,0.17696255445480347,No
712,0.2837904393672943,No
713,0.20093773305416107,No
714,0.26318860054016113,No
715,0.20334741473197937,No
716,0.4112878441810608,No
717,0.23204083740711212,No
718,0.2920195162296295,No
719,0.21312879025936127,No
720,0.28254997730255127,No
721,0.18313421308994293,No
722,0.25247466564178467,No
723,0.16883805394172668,No
724,0.4433795213699341,No
725,0.2541090250015259,No
726,0.20072761178016663,No
727,0.12256667017936707,No
728,0.3522145748138428,No
729,0.24540351331233978,No
730,0.16690409183502197,No
731,0.12677161395549774,No
732,0.21386656165122986,No
733,0.12525179982185364,No
734,0.25769853591918945,No
735,0.15044166147708893,No
736,0.46472617983818054,No
737,0.21671386063098907,No
738,0.1813155859708786,No
739,0.1575165092945099,No
740,0.2775380611419678,No
741,0.19011378288269043,No
742,0.11696770042181015,No
743,0.14484569430351257,No
744,0.37997540831565857,No
745,0.23837538063526154,No
746,0.18311063945293427,No
747,0.11901700496673584,No
748,0.4377639889717102,No
749,0.2662305533885956,No
750,0.20883038640022278,No
751,0.14936095476150513,No
752,0.5974279046058655,Yes
753,0.3073361814022064,No
754,0.2472805678844452,No
755,0.15699422359466553,No
756,0.6404047012329102,Yes
757,0.2924157381057739,No
758,0.2482428252696991,No
759,0.1814623773097992,No
760,0.3826240003108978,No
761,0.20141932368278503,No
762,0.1816050410270691,No
763,0.1320306360721588,No
764,0.18987882137298584,No
765,0.15223190188407898,No
766,0.16782896220684052,No
767,0.1069786325097084,No
768,0.3817976415157318,No
769,0.26394546031951904,No
770,0.19897204637527466,No
771,0.1519889384508133,No
772,0.41351473331451416,No
773,0.24289624392986298,No
774,0.21680688858032227,No
775,0.1427323818206787,No
776,0.3424173891544342,No
777,0.16623534262180328,No
778,0.15668083727359772,No
779,0.11897503584623337,No
780,0.433725506067276,No
781,0.22640001773834229,No
782,0.19142086803913116,No
783,0.1735459715127945,No
784,0.34916239976882935,No
785,0.2315923571586609,No
786,0.17089374363422394,No
787,0.11228889971971512,No
788,0.3802838623523712,No
789,0.27548107504844666,No
790,0.15661580860614777,No
791,0.1399453580379486,No
792,0.20392422378063202,No
793,0.14617301523685455,No
794,0.21723230183124542,No
795,0.13987436890602112,No
796,0.3410181403160095,No
797,0.19272911548614502,No
798,0.24292856454849243,No
799,0.17513003945350647,No
800,0.33724871277809143,No
801,0.24690307676792145,No
802,0.3670322000980377,No
803,0.22477953135967255,No
804,0.5362643003463745,Yes
805,0.2749454975128174,No
806,0.25289496779441833,No
807,0.151029571890831,No
808,0.4159816801548004,No
809,0.23009715974330902,No
810,0.22111372649669647,No
811,0.15441401302814484,No
812,0.2788214087486267,No
813,0.1817379891872406,No
814,0.31049010157585144,No
815,0.18089739978313446,No
816,0.5318498015403748,Yes
817,0.2772030234336853,No
818,0.23879362642765045,No
819,0.1774880588054657,No
820,0.2948935031890869,No
821,0.23777851462364197,No
822,0.17376966774463654,No
823,0.1675155758857727,No
824,0.4747781455516815,No
825,0.2840088903903961,No
826,0.2074490338563919,No
827,0.13329017162322998,No
828,0.5643819570541382,Yes
829,0.28205350041389465,No
830,0.30728402733802795,No
831,0.23184485733509064,No
832,0.6770927906036377,Yes
833,0.45332208275794983,No
834,0.295352965593338,No
835,0.18359525501728058,No
836,0.6849480867385864,Yes
837,0.3531237244606018,No
838,0.2913353443145752,No
839,0.17696426808834076,No
840,0.4289027154445648,No
841,0.26826012134552,No
842,0.24269407987594604,No
843,0.15995317697525024,No
844,0.21454845368862152,No
845,0.1834234595298767,No
846,0.18813711404800415,No
847,0.12029064446687698,No
848,0.4740394055843353,No
849,0.2537294328212738,No
850,0.29207277297973633,No
851,0.22269552946090698,No
852,0.48799794912338257,No
853,0.32043954730033875,No
854,0.24849221110343933,No
855,0.1551574319601059,No
856,0.4080009162425995,No
857,0.19727326929569244,No
858,0.20038966834545135,No
859,0.12037838250398636,No
860,0.5386727452278137,Yes
861,0.33119329810142517,No
862,0.3036191165447235,No
863,0.23293259739875793,No
864,0.4265024662017822,No
865,0.26912838220596313,No
866,0.19817239046096802,No
867,0.12729696929454803,No
868,0.44550544023513794,No
869,0.2925546169281006,No
870,0.2196904718875885,No
871,0.1903306245803833,No
872,0.26983070373535156,No
873,0.19488923251628876,No
874,0.26226237416267395,No
875,0.1543441265821457,No
876,0.36886659264564514,No
877,0.21608367562294006,No
878,0.2813730835914612,No
879,0.1645798534154892,No
880,0.2988332509994507,No
881,0.2191324234008789,No
882,0.36279892921447754,No
883,0.23849834501743317,No
884,0.6451539397239685,Yes
885,0.33079853653907776,No
886,0.2555290758609772,No
887,0.18991956114768982,No
888,0.4243675470352173,No
889,0.27594417333602905,No
890,0.17258068919181824,No
891,0.13603971898555756,No
892,0.2527908980846405,No
893,0.18462400138378143,No
894,0.33283481001853943,No
895,0.1763598471879959,No
896,0.6314725875854492,Yes
897,0.39776352047920227,No
898,0.2124340981245041,No
899,0.17901906371116638,No
900,0.2820238173007965,No
901,0.23787856101989746,No
902,0.1919027715921402,No
903,0.1612575799226761,No
904,0.5678356289863586,Yes
905,0.32967233657836914,No
906,0.20730429887771606,No
907,0.1515779197216034,No
908,0.6282302141189575,Yes
909,0.36392706632614136,No
910,0.24420003592967987,No
911,0.20531734824180603,No
912,0.7522263526916504,Yes
913,0.49685564637184143,No
914,0.28398311138153076,No
915,0.18001380562782288,No
916,0.7312541007995605,Yes
917,0.4640871584415436,No
918,0.21344247460365295,No
919,0.20541557669639587,No
920,0.4520217180252075,No
921,0.26982539892196655,No
922,0.22212843596935272,No
923,0.1429937481880188,No
924,0.28169894218444824,No
925,0.1688212901353836,No
926,0.18094739317893982,No
927,0.12248793989419937,No
928,0.457234263420105,No
929,0.3163795471191406,No
930,0.22741645574569702,No
931,0.20028863847255707,No
932,0.5247661471366882,Yes
933,0.3503572642803192,No
934,0.22310014069080353,No
935,0.15358112752437592,No
936,0.4539833068847656,No
937,0.26625874638557434,No
938,0.15581300854682922,No
939,0.12505216896533966,No
940,0.5373135805130005,Yes
941,0.3575074374675751,No
942,0.3230600357055664,No
943,0.24822446703910828,No
944,0.5393953919410706,Yes
945,0.2741560637950897,No
946,0.18557915091514587,No
947,0.13002139329910278,No
948,0.45710477232933044,No
949,0.32743528485298157,No
950,0.1470203548669815,No
951,0.14820638298988342,No
952,0.27078136801719666,No
953,0.2254531979560852,No
954,0.2446313053369522,No
955,0.17001990973949432,No
956,0.38723355531692505,No
957,0.26830312609672546,No
958,0.22313517332077026,No
959,0.18392212688922882,No
